sample_id,dataset,patient_id,protocol_role,locked,binary_label_id,fine_label_name,event_duration_seconds,target,probability_1_seed20260729,probability_1_seed20260731,probability_1,probability_0,prediction
icbhi2017::111_1b2_Tc_sc_Meditron__cycle_000,icbhi2017,icbhi2017::111,calibration,False,0,normal,2.3280000000000003,0,0.34931254,0.2841467,0.31672962,0.68327038,0
icbhi2017::111_1b2_Tc_sc_Meditron__cycle_001,icbhi2017,icbhi2017::111,calibration,False,0,normal,2.6569999999999996,0,0.0718419,0.08914877,0.080495335,0.919504665,0
icbhi2017::111_1b2_Tc_sc_Meditron__cycle_002,icbhi2017,icbhi2017::111,calibration,False,0,normal,2.5570000000000004,0,0.28843448,0.39123526,0.33983487,0.66016513,0
icbhi2017::111_1b2_Tc_sc_Meditron__cycle_003,icbhi2017,icbhi2017::111,calibration,False,0,normal,2.8000000000000007,0,0.10976112,0.07330741,0.091534265,0.908465735,0
icbhi2017::111_1b2_Tc_sc_Meditron__cycle_004,icbhi2017,icbhi2017::111,calibration,False,0,normal,2.671999999999999,0,0.14694442,0.17017621,0.158560315,0.841439685,0
icbhi2017::111_1b2_Tc_sc_Meditron__cycle_005,icbhi2017,icbhi2017::111,calibration,False,0,normal,2.4000000000000004,0,0.16175126,0.12505244,0.14340185,0.85659815,0
icbhi2017::111_1b2_Tc_sc_Meditron__cycle_006,icbhi2017,icbhi2017::111,calibration,False,0,normal,2.657,0,0.2541989,0.23144881,0.242823855,0.757176145,0
icbhi2017::111_1b2_Tc_sc_Meditron__cycle_007,icbhi2017,icbhi2017::111,calibration,False,0,normal,1.8999999999999984,0,0.17795475,0.13203324,0.154993995,0.845006005,0
icbhi2017::111_1b3_Tc_sc_Meditron__cycle_000,icbhi2017,icbhi2017::111,calibration,False,0,normal,0.5569999999999999,0,0.18803878,0.4933139,0.34067634,0.65932366,0
icbhi2017::111_1b3_Tc_sc_Meditron__cycle_001,icbhi2017,icbhi2017::111,calibration,False,0,normal,2.6710000000000003,0,0.090535566,0.07045675,0.080496158,0.919503842,0
icbhi2017::111_1b3_Tc_sc_Meditron__cycle_002,icbhi2017,icbhi2017::111,calibration,False,0,normal,2.5,0,0.20625013,0.255705,0.230977565,0.769022435,0
icbhi2017::111_1b3_Tc_sc_Meditron__cycle_003,icbhi2017,icbhi2017::111,calibration,False,0,normal,2.6430000000000007,0,0.33104715,0.3689523,0.349999725,0.650000275,0
icbhi2017::111_1b3_Tc_sc_Meditron__cycle_004,icbhi2017,icbhi2017::111,calibration,False,0,normal,2.5,0,0.15608175,0.17287481,0.16447827999999998,0.83552172,0
icbhi2017::111_1b3_Tc_sc_Meditron__cycle_005,icbhi2017,icbhi2017::111,calibration,False,0,normal,2.6289999999999996,0,0.13789034,0.3387191,0.23830472,0.76169528,0
icbhi2017::111_1b3_Tc_sc_Meditron__cycle_006,icbhi2017,icbhi2017::111,calibration,False,0,normal,2.700000000000001,0,0.110948056,0.09790778,0.10442791800000001,0.8955720819999999,0
icbhi2017::111_1b3_Tc_sc_Meditron__cycle_007,icbhi2017,icbhi2017::111,calibration,False,0,normal,2.442,0,0.24393396,0.26495075,0.254442355,0.745557645,0
icbhi2017::111_1b3_Tc_sc_Meditron__cycle_008,icbhi2017,icbhi2017::111,calibration,False,0,normal,1.3149999999999975,0,0.053920347,0.12993039,0.09192536850000001,0.9080746315,0
icbhi2017::116_1b2_Pl_sc_Meditron__cycle_000,icbhi2017,icbhi2017::116,calibration,False,0,normal,3.4280000000000004,0,0.4452475,0.3229736,0.38411055000000005,0.61588945,0
icbhi2017::116_1b2_Pl_sc_Meditron__cycle_001,icbhi2017,icbhi2017::116,calibration,False,1,wheeze,7.0569999999999995,1,0.4058912,0.325951,0.3659211,0.6340789,0
icbhi2017::116_1b2_Pl_sc_Meditron__cycle_002,icbhi2017,icbhi2017::116,calibration,False,1,wheeze,6.828999999999999,1,0.6554783,0.544819,0.60014865,0.39985135000000005,1
icbhi2017::116_1b2_Pl_sc_Meditron__cycle_003,icbhi2017,icbhi2017::116,calibration,False,0,normal,2.6140000000000008,0,0.04113511,0.13046905,0.08580208,0.91419792,0
icbhi2017::116_1b2_Tc_sc_Meditron__cycle_000,icbhi2017,icbhi2017::116,calibration,False,0,normal,6.513999999999999,0,0.06351019,0.11366321,0.08858669999999999,0.9114133,0
icbhi2017::116_1b2_Tc_sc_Meditron__cycle_001,icbhi2017,icbhi2017::116,calibration,False,0,normal,5.471,0,0.06319541,0.101142995,0.0821692025,0.9178307975,0
icbhi2017::116_1b2_Tc_sc_Meditron__cycle_002,icbhi2017,icbhi2017::116,calibration,False,0,normal,6.615,0,0.04763008,0.10402154,0.07582581,0.92417419,0
icbhi2017::116_1b2_Tc_sc_Meditron__cycle_003,icbhi2017,icbhi2017::116,calibration,False,0,normal,1.3709999999999989,0,0.0691651,0.11397639,0.091570745,0.908429255,0
icbhi2017::125_1b1_Tc_sc_Meditron__cycle_000,icbhi2017,icbhi2017::125,calibration,False,0,normal,1.043,0,0.07241069,0.14996408,0.111187385,0.888812615,0
icbhi2017::125_1b1_Tc_sc_Meditron__cycle_001,icbhi2017,icbhi2017::125,calibration,False,0,normal,3.843,0,0.055551,0.19242856,0.12398978,0.87601022,0
icbhi2017::125_1b1_Tc_sc_Meditron__cycle_002,icbhi2017,icbhi2017::125,calibration,False,1,crackle,4.271000000000001,1,0.03866232,0.1505304,0.09459636,0.90540364,0
icbhi2017::125_1b1_Tc_sc_Meditron__cycle_003,icbhi2017,icbhi2017::125,calibration,False,0,normal,2.828999999999999,0,0.058323,0.076989904,0.067656452,0.932343548,0
icbhi2017::125_1b1_Tc_sc_Meditron__cycle_004,icbhi2017,icbhi2017::125,calibration,False,1,crackle,3.785,1,0.15456784,0.09399965,0.124283745,0.8757162549999999,0
icbhi2017::125_1b1_Tc_sc_Meditron__cycle_005,icbhi2017,icbhi2017::125,calibration,False,0,normal,4.142999999999999,0,0.12292435,0.09761464,0.110269495,0.889730505,0
icbhi2017::129_1b1_Ar_sc_Meditron__cycle_000,icbhi2017,icbhi2017::129,calibration,False,0,normal,1.286,0,0.036051102,0.05365584,0.044853471000000006,0.955146529,0
icbhi2017::129_1b1_Ar_sc_Meditron__cycle_001,icbhi2017,icbhi2017::129,calibration,False,1,crackle,2.671,1,0.015365268,0.07043861,0.042901939,0.9570980609999999,0
icbhi2017::129_1b1_Ar_sc_Meditron__cycle_002,icbhi2017,icbhi2017::129,calibration,False,0,normal,2.6,0,0.035950545,0.06602057,0.0509855575,0.9490144425,0
icbhi2017::129_1b1_Ar_sc_Meditron__cycle_003,icbhi2017,icbhi2017::129,calibration,False,1,crackle,2.228,1,0.081321225,0.10043074,0.09087598250000001,0.9091240174999999,0
icbhi2017::129_1b1_Ar_sc_Meditron__cycle_004,icbhi2017,icbhi2017::129,calibration,False,1,crackle,2.4429999999999996,1,0.10142475,0.16939612,0.135410435,0.864589565,0
icbhi2017::129_1b1_Ar_sc_Meditron__cycle_005,icbhi2017,icbhi2017::129,calibration,False,1,crackle,2.572000000000001,1,0.038409498,0.06796678,0.053188139,0.946811861,0
icbhi2017::129_1b1_Ar_sc_Meditron__cycle_006,icbhi2017,icbhi2017::129,calibration,False,1,crackle,2.543000000000001,1,0.12289524,0.12302235,0.12295879500000001,0.877041205,0
icbhi2017::129_1b1_Ar_sc_Meditron__cycle_007,icbhi2017,icbhi2017::129,calibration,False,0,normal,2.456999999999997,0,0.03004101,0.19994944,0.114995225,0.885004775,0
icbhi2017::129_1b1_Ar_sc_Meditron__cycle_008,icbhi2017,icbhi2017::129,calibration,False,0,normal,0.7280000000000015,0,0.10516938,0.29716507,0.201167225,0.7988327749999999,0
icbhi2017::140_2b2_Ll_mc_LittC2SE__cycle_000,icbhi2017,icbhi2017::140,calibration,False,0,normal,1.114,0,0.0849557,0.32847962,0.20671766000000003,0.79328234,0
icbhi2017::140_2b2_Ll_mc_LittC2SE__cycle_001,icbhi2017,icbhi2017::140,calibration,False,0,normal,1.9710000000000003,0,0.07633757,0.10193831,0.08913794,0.91086206,0
icbhi2017::140_2b2_Ll_mc_LittC2SE__cycle_002,icbhi2017,icbhi2017::140,calibration,False,0,normal,2.072,0,0.15047431,0.19899419,0.17473424999999998,0.82526575,0
icbhi2017::140_2b2_Ll_mc_LittC2SE__cycle_003,icbhi2017,icbhi2017::140,calibration,False,0,normal,1.928,0,0.048299253,0.064380266,0.0563397595,0.9436602405,0
icbhi2017::140_2b2_Ll_mc_LittC2SE__cycle_004,icbhi2017,icbhi2017::140,calibration,False,0,normal,2.457,0,0.01780429,0.04811083,0.03295756,0.96704244,0
icbhi2017::140_2b2_Ll_mc_LittC2SE__cycle_005,icbhi2017,icbhi2017::140,calibration,False,0,normal,1.8859999999999992,0,0.111094475,0.12295004,0.1170222575,0.8829777425,0
icbhi2017::140_2b2_Ll_mc_LittC2SE__cycle_006,icbhi2017,icbhi2017::140,calibration,False,1,crackle,1.9860000000000009,1,0.3053293,0.48836458,0.39684694,0.60315306,0
icbhi2017::140_2b2_Ll_mc_LittC2SE__cycle_007,icbhi2017,icbhi2017::140,calibration,False,0,normal,2.0429999999999993,0,0.028195243,0.118020535,0.073107889,0.926892111,0
icbhi2017::140_2b2_Ll_mc_LittC2SE__cycle_008,icbhi2017,icbhi2017::140,calibration,False,0,normal,2.0,0,0.036979243,0.08413956,0.0605594015,0.9394405985000001,0
icbhi2017::140_2b2_Ll_mc_LittC2SE__cycle_009,icbhi2017,icbhi2017::140,calibration,False,0,normal,2.2570000000000014,0,0.03544534,0.123293,0.07936917,0.92063083,0
icbhi2017::140_2b2_Ll_mc_LittC2SE__cycle_010,icbhi2017,icbhi2017::140,calibration,False,0,normal,0.2569999999999979,0,0.45874304,0.3520088,0.40537592,0.59462408,0
icbhi2017::140_2b2_Tc_mc_LittC2SE__cycle_000,icbhi2017,icbhi2017::140,calibration,False,0,normal,1.814,0,0.13209274,0.11222342,0.12215808,0.87784192,0
icbhi2017::140_2b2_Tc_mc_LittC2SE__cycle_001,icbhi2017,icbhi2017::140,calibration,False,1,crackle,2.2289999999999996,1,0.45234162,0.3804887,0.41641516,0.58358484,0
icbhi2017::140_2b2_Tc_mc_LittC2SE__cycle_002,icbhi2017,icbhi2017::140,calibration,False,0,normal,2.357,0,0.37050635,0.26560733,0.31805684,0.68194316,0
icbhi2017::140_2b2_Tc_mc_LittC2SE__cycle_003,icbhi2017,icbhi2017::140,calibration,False,0,normal,2.0709999999999997,0,0.38659474,0.18621907,0.286406905,0.713593095,0
icbhi2017::140_2b2_Tc_mc_LittC2SE__cycle_004,icbhi2017,icbhi2017::140,calibration,False,0,normal,1.9139999999999997,0,0.30464208,0.38338694,0.34401451,0.65598549,0
icbhi2017::140_2b2_Tc_mc_LittC2SE__cycle_005,icbhi2017,icbhi2017::140,calibration,False,0,normal,2.043000000000001,0,0.2484078,0.399468,0.3239379,0.6760621,0
icbhi2017::140_2b2_Tc_mc_LittC2SE__cycle_006,icbhi2017,icbhi2017::140,calibration,False,0,normal,2.0570000000000004,0,0.46939915,0.26421118,0.366805165,0.6331948350000001,0
icbhi2017::140_2b2_Tc_mc_LittC2SE__cycle_007,icbhi2017,icbhi2017::140,calibration,False,0,normal,1.7579999999999991,0,0.21747978,0.33269656,0.27508816999999997,0.72491183,0
icbhi2017::140_2b2_Tc_mc_LittC2SE__cycle_008,icbhi2017,icbhi2017::140,calibration,False,0,normal,2.213999999999998,0,0.2137752,0.38025478,0.29701499,0.70298501,0
icbhi2017::140_2b2_Tc_mc_LittC2SE__cycle_009,icbhi2017,icbhi2017::140,calibration,False,0,normal,1.471,0,0.21289329,0.33401942,0.273456355,0.726543645,0
icbhi2017::140_2b3_Ll_mc_LittC2SE__cycle_000,icbhi2017,icbhi2017::140,calibration,False,0,normal,3.272,0,0.11457524,0.10376602,0.10917062999999999,0.8908293700000001,0
icbhi2017::140_2b3_Ll_mc_LittC2SE__cycle_001,icbhi2017,icbhi2017::140,calibration,False,1,wheeze,2.114,1,0.47648665,0.34303728,0.409761965,0.590238035,0
icbhi2017::140_2b3_Ll_mc_LittC2SE__cycle_002,icbhi2017,icbhi2017::140,calibration,False,1,wheeze,2.4000000000000004,1,0.113045886,0.2075723,0.16030909299999999,0.839690907,0
icbhi2017::140_2b3_Ll_mc_LittC2SE__cycle_003,icbhi2017,icbhi2017::140,calibration,False,1,wheeze,1.770999999999999,1,0.3357653,0.34701902,0.34139216,0.6586078399999999,0
icbhi2017::140_2b3_Ll_mc_LittC2SE__cycle_004,icbhi2017,icbhi2017::140,calibration,False,0,normal,1.9430000000000016,0,0.04954066,0.045821205,0.047680932499999995,0.9523190675,0
icbhi2017::140_2b3_Ll_mc_LittC2SE__cycle_005,icbhi2017,icbhi2017::140,calibration,False,0,normal,2.213999999999998,0,0.08145469,0.10817308,0.094813885,0.905186115,0
icbhi2017::140_2b3_Ll_mc_LittC2SE__cycle_006,icbhi2017,icbhi2017::140,calibration,False,0,normal,2.243000000000002,0,0.052349895,0.17095196,0.1116509275,0.8883490725000001,0
icbhi2017::140_2b3_Ll_mc_LittC2SE__cycle_007,icbhi2017,icbhi2017::140,calibration,False,0,normal,2.1999999999999993,0,0.04746117,0.12970766,0.088584415,0.911415585,0
icbhi2017::140_2b3_Ll_mc_LittC2SE__cycle_008,icbhi2017,icbhi2017::140,calibration,False,0,normal,1.599999999999998,0,0.056346096,0.11782432,0.087085208,0.912914792,0
icbhi2017::140_2b3_Tc_mc_LittC2SE__cycle_000,icbhi2017,icbhi2017::140,calibration,False,0,normal,2.114,0,0.69202685,0.6445718,0.668299325,0.331700675,1
icbhi2017::140_2b3_Tc_mc_LittC2SE__cycle_001,icbhi2017,icbhi2017::140,calibration,False,1,wheeze,2.214,1,0.9059218,0.93826467,0.922093235,0.07790676500000004,1
icbhi2017::140_2b3_Tc_mc_LittC2SE__cycle_002,icbhi2017,icbhi2017::140,calibration,False,1,wheeze,2.229,1,0.8473828,0.8892014,0.8682921,0.1317079,1
icbhi2017::140_2b3_Tc_mc_LittC2SE__cycle_003,icbhi2017,icbhi2017::140,calibration,False,1,wheeze,2.0999999999999996,1,0.604627,0.6401861,0.62240655,0.37759345,1
icbhi2017::140_2b3_Tc_mc_LittC2SE__cycle_004,icbhi2017,icbhi2017::140,calibration,False,1,wheeze,1.857000000000001,1,0.6780262,0.7540415,0.7160338500000001,0.2839661499999999,1
icbhi2017::140_2b3_Tc_mc_LittC2SE__cycle_005,icbhi2017,icbhi2017::140,calibration,False,0,normal,2.270999999999999,0,0.42939985,0.38001058,0.404705215,0.595294785,0
icbhi2017::140_2b3_Tc_mc_LittC2SE__cycle_006,icbhi2017,icbhi2017::140,calibration,False,0,normal,2.0999999999999996,0,0.3627791,0.4025057,0.38264240000000005,0.6173576,0
icbhi2017::140_2b3_Tc_mc_LittC2SE__cycle_007,icbhi2017,icbhi2017::140,calibration,False,1,wheeze,2.286000000000002,1,0.46842587,0.37360853,0.4210172,0.5789828,0
icbhi2017::140_2b3_Tc_mc_LittC2SE__cycle_008,icbhi2017,icbhi2017::140,calibration,False,1,wheeze,2.099999999999998,1,0.42376322,0.70067245,0.562217835,0.437782165,1
icbhi2017::140_2b3_Tc_mc_LittC2SE__cycle_009,icbhi2017,icbhi2017::140,calibration,False,0,normal,0.6720000000000006,0,0.14125915,0.21903563,0.18014739000000002,0.81985261,0
icbhi2017::158_1b3_Ar_mc_LittC2SE__cycle_000,icbhi2017,icbhi2017::158,calibration,False,0,normal,1.928,0,0.041269235,0.13559726,0.0884332475,0.9115667525,0
icbhi2017::158_1b3_Ar_mc_LittC2SE__cycle_001,icbhi2017,icbhi2017::158,calibration,False,0,normal,1.986,0,0.101554036,0.130667,0.116110518,0.8838894820000001,0
icbhi2017::158_1b3_Ar_mc_LittC2SE__cycle_002,icbhi2017,icbhi2017::158,calibration,False,0,normal,1.7710000000000004,0,0.08022448,0.15048416,0.11535432000000001,0.88464568,0
icbhi2017::158_1b3_Ar_mc_LittC2SE__cycle_003,icbhi2017,icbhi2017::158,calibration,False,1,crackle,1.9289999999999992,1,0.12443278,0.12342138,0.12392708,0.87607292,0
icbhi2017::158_1b3_Ar_mc_LittC2SE__cycle_004,icbhi2017,icbhi2017::158,calibration,False,0,normal,1.4139999999999997,0,0.19276853,0.3177346,0.255251565,0.744748435,0
icbhi2017::158_1b3_Ar_mc_LittC2SE__cycle_005,icbhi2017,icbhi2017::158,calibration,False,1,crackle,1.7430000000000003,1,0.16080612,0.25474995,0.207778035,0.792221965,0
icbhi2017::158_1b3_Ar_mc_LittC2SE__cycle_006,icbhi2017,icbhi2017::158,calibration,False,1,crackle,1.5140000000000011,1,0.43347436,0.19323137,0.31335286500000004,0.686647135,0
icbhi2017::158_1b3_Ar_mc_LittC2SE__cycle_007,icbhi2017,icbhi2017::158,calibration,False,1,crackle,2.657,1,0.1520539,0.15427878,0.15316634,0.8468336599999999,0
icbhi2017::158_1b3_Ar_mc_LittC2SE__cycle_008,icbhi2017,icbhi2017::158,calibration,False,1,crackle,1.529,1,0.17411967,0.12284408,0.14848187499999999,0.851518125,0
icbhi2017::158_1b3_Ar_mc_LittC2SE__cycle_009,icbhi2017,icbhi2017::158,calibration,False,1,crackle,1.9289999999999985,1,0.65932727,0.4437917,0.5515594850000001,0.44844051499999993,1
icbhi2017::158_1b3_Ar_mc_LittC2SE__cycle_010,icbhi2017,icbhi2017::158,calibration,False,0,normal,1.471,0,0.34730732,0.31260365,0.329955485,0.6700445150000001,0
icbhi2017::158_1p2_Al_mc_AKGC417L__cycle_000,icbhi2017,icbhi2017::158,calibration,False,1,both,1.737,1,0.87053114,0.74992776,0.81022945,0.18977054999999998,1
icbhi2017::158_1p2_Al_mc_AKGC417L__cycle_001,icbhi2017,icbhi2017::158,calibration,False,1,both,2.8710000000000004,1,0.7950916,0.8404675,0.81777955,0.18222044999999998,1
icbhi2017::158_1p2_Al_mc_AKGC417L__cycle_002,icbhi2017,icbhi2017::158,calibration,False,0,normal,2.5039999999999996,0,0.30116203,0.53784025,0.41950114000000005,0.58049886,0
icbhi2017::158_1p2_Al_mc_AKGC417L__cycle_003,icbhi2017,icbhi2017::158,calibration,False,1,both,2.388,1,0.8366287,0.85894656,0.84778763,0.15221236999999999,1
icbhi2017::158_1p2_Al_mc_AKGC417L__cycle_004,icbhi2017,icbhi2017::158,calibration,False,0,normal,2.4540000000000006,0,0.5819753,0.3423121,0.4621437,0.5378563000000001,0
icbhi2017::158_1p2_Al_mc_AKGC417L__cycle_005,icbhi2017,icbhi2017::158,calibration,False,0,normal,2.6210000000000004,0,0.42874968,0.6683366,0.54854314,0.45145685999999996,1
icbhi2017::158_1p2_Al_mc_AKGC417L__cycle_006,icbhi2017,icbhi2017::158,calibration,False,0,normal,2.287000000000001,0,0.83806944,0.72069335,0.779381395,0.22061860499999997,1
icbhi2017::158_1p2_Al_mc_AKGC417L__cycle_007,icbhi2017,icbhi2017::158,calibration,False,0,normal,0.884999999999998,0,0.41229507,0.7807772,0.596536135,0.403463865,1
icbhi2017::158_1p2_Ar_mc_AKGC417L__cycle_000,icbhi2017,icbhi2017::158,calibration,False,1,both,1.737,1,0.8068783,0.834368,0.8206231500000001,0.17937684999999992,1
icbhi2017::158_1p2_Ar_mc_AKGC417L__cycle_001,icbhi2017,icbhi2017::158,calibration,False,1,both,2.8710000000000004,1,0.7001069,0.7823125,0.7412097,0.25879030000000003,1
icbhi2017::158_1p2_Ar_mc_AKGC417L__cycle_002,icbhi2017,icbhi2017::158,calibration,False,0,normal,2.5039999999999996,0,0.5142045,0.6207102,0.56745735,0.43254265000000003,1
icbhi2017::158_1p2_Ar_mc_AKGC417L__cycle_003,icbhi2017,icbhi2017::158,calibration,False,1,both,2.388,1,0.82634693,0.8770412,0.851694065,0.148305935,1
icbhi2017::158_1p2_Ar_mc_AKGC417L__cycle_004,icbhi2017,icbhi2017::158,calibration,False,0,normal,2.4540000000000006,0,0.4848171,0.70943934,0.59712822,0.40287178,1
icbhi2017::158_1p2_Ar_mc_AKGC417L__cycle_005,icbhi2017,icbhi2017::158,calibration,False,0,normal,2.6210000000000004,0,0.45361304,0.58638984,0.52000144,0.47999855999999996,1
icbhi2017::158_1p2_Ar_mc_AKGC417L__cycle_006,icbhi2017,icbhi2017::158,calibration,False,0,normal,2.287000000000001,0,0.91469467,0.8918638,0.9032792350000001,0.09672076499999993,1
icbhi2017::158_1p2_Ar_mc_AKGC417L__cycle_007,icbhi2017,icbhi2017::158,calibration,False,0,normal,0.884999999999998,0,0.72707444,0.9170382,0.82205632,0.17794368000000005,1
icbhi2017::158_1p2_Ll_mc_AKGC417L__cycle_000,icbhi2017,icbhi2017::158,calibration,False,1,crackle,1.737,1,0.9469841,0.96062577,0.953804935,0.046195065000000035,1
icbhi2017::158_1p2_Ll_mc_AKGC417L__cycle_001,icbhi2017,icbhi2017::158,calibration,False,1,crackle,2.8710000000000004,1,0.9478969,0.9533729,0.9506349000000001,0.04936509999999994,1
icbhi2017::158_1p2_Ll_mc_AKGC417L__cycle_002,icbhi2017,icbhi2017::158,calibration,False,1,crackle,2.5039999999999996,1,0.95867044,0.9326929,0.94568167,0.05431832999999997,1
icbhi2017::158_1p2_Ll_mc_AKGC417L__cycle_003,icbhi2017,icbhi2017::158,calibration,False,1,both,2.388,1,0.97309476,0.94919807,0.961146415,0.038853585000000024,1
icbhi2017::158_1p2_Ll_mc_AKGC417L__cycle_004,icbhi2017,icbhi2017::158,calibration,False,1,crackle,2.4540000000000006,1,0.89663494,0.8892657,0.89295032,0.10704968000000004,1
icbhi2017::158_1p2_Ll_mc_AKGC417L__cycle_005,icbhi2017,icbhi2017::158,calibration,False,1,crackle,2.6210000000000004,1,0.75418943,0.9157427,0.834966065,0.16503393499999996,1
icbhi2017::158_1p2_Ll_mc_AKGC417L__cycle_006,icbhi2017,icbhi2017::158,calibration,False,0,normal,2.287000000000001,0,0.835205,0.791768,0.8134865,0.1865135,1
icbhi2017::158_1p2_Ll_mc_AKGC417L__cycle_007,icbhi2017,icbhi2017::158,calibration,False,0,normal,0.884999999999998,0,0.09442686,0.40065357,0.247540215,0.752459785,0
icbhi2017::158_1p2_Lr_mc_AKGC417L__cycle_000,icbhi2017,icbhi2017::158,calibration,False,1,both,1.737,1,0.9441784,0.9416487,0.94291355,0.05708645000000001,1
icbhi2017::158_1p2_Lr_mc_AKGC417L__cycle_001,icbhi2017,icbhi2017::158,calibration,False,1,both,2.8710000000000004,1,0.8942992,0.82549804,0.8598986200000001,0.14010137999999994,1
icbhi2017::158_1p2_Lr_mc_AKGC417L__cycle_002,icbhi2017,icbhi2017::158,calibration,False,1,both,2.5039999999999996,1,0.83739024,0.7797968,0.80859352,0.19140648000000005,1
icbhi2017::158_1p2_Lr_mc_AKGC417L__cycle_003,icbhi2017,icbhi2017::158,calibration,False,1,both,2.388,1,0.7992455,0.72976494,0.76450522,0.23549478000000001,1
icbhi2017::158_1p2_Lr_mc_AKGC417L__cycle_004,icbhi2017,icbhi2017::158,calibration,False,0,normal,2.4540000000000006,0,0.59447306,0.7256943,0.6600836800000001,0.33991631999999994,1
icbhi2017::158_1p2_Lr_mc_AKGC417L__cycle_005,icbhi2017,icbhi2017::158,calibration,False,0,normal,2.6210000000000004,0,0.71094644,0.77568036,0.7433133999999999,0.2566866000000001,1
icbhi2017::158_1p2_Lr_mc_AKGC417L__cycle_006,icbhi2017,icbhi2017::158,calibration,False,0,normal,2.287000000000001,0,0.66121936,0.63860995,0.649914655,0.350085345,1
icbhi2017::158_1p2_Lr_mc_AKGC417L__cycle_007,icbhi2017,icbhi2017::158,calibration,False,1,wheeze,0.884999999999998,1,0.29529497,0.5385951,0.416945035,0.583054965,0
icbhi2017::158_1p2_Pl_mc_AKGC417L__cycle_000,icbhi2017,icbhi2017::158,calibration,False,1,both,1.737,1,0.9406351,0.8906026,0.91561885,0.08438115000000002,1
icbhi2017::158_1p2_Pl_mc_AKGC417L__cycle_001,icbhi2017,icbhi2017::158,calibration,False,1,both,2.8710000000000004,1,0.7251124,0.8360371,0.78057475,0.21942525000000002,1
icbhi2017::158_1p2_Pl_mc_AKGC417L__cycle_002,icbhi2017,icbhi2017::158,calibration,False,1,crackle,2.5039999999999996,1,0.71539956,0.77339536,0.7443974600000001,0.25560253999999993,1
icbhi2017::158_1p2_Pl_mc_AKGC417L__cycle_003,icbhi2017,icbhi2017::158,calibration,False,1,both,2.388,1,0.68976474,0.63102263,0.6603936850000001,0.33960631499999994,1
icbhi2017::158_1p2_Pl_mc_AKGC417L__cycle_004,icbhi2017,icbhi2017::158,calibration,False,1,wheeze,2.4540000000000006,1,0.70424163,0.6868355,0.695538565,0.304461435,1
icbhi2017::158_1p2_Pl_mc_AKGC417L__cycle_005,icbhi2017,icbhi2017::158,calibration,False,1,wheeze,2.6210000000000004,1,0.69110364,0.7902369,0.7406702700000001,0.2593297299999999,1
icbhi2017::158_1p2_Pl_mc_AKGC417L__cycle_006,icbhi2017,icbhi2017::158,calibration,False,0,normal,2.287000000000001,0,0.70448774,0.66926086,0.6868742999999999,0.31312570000000006,1
icbhi2017::158_1p2_Pl_mc_AKGC417L__cycle_007,icbhi2017,icbhi2017::158,calibration,False,0,normal,0.884999999999998,0,0.21175963,0.44822675,0.32999319,0.6700068100000001,0
icbhi2017::158_1p2_Pr_mc_AKGC417L__cycle_000,icbhi2017,icbhi2017::158,calibration,False,1,crackle,1.737,1,0.74083585,0.8031108,0.771973325,0.22802667499999996,1
icbhi2017::158_1p2_Pr_mc_AKGC417L__cycle_001,icbhi2017,icbhi2017::158,calibration,False,1,both,2.8710000000000004,1,0.9609163,0.88888204,0.92489917,0.07510083000000001,1
icbhi2017::158_1p2_Pr_mc_AKGC417L__cycle_002,icbhi2017,icbhi2017::158,calibration,False,1,both,2.5039999999999996,1,0.8920642,0.71700007,0.804532135,0.19546786500000002,1
icbhi2017::158_1p2_Pr_mc_AKGC417L__cycle_003,icbhi2017,icbhi2017::158,calibration,False,1,both,2.388,1,0.9467658,0.90556324,0.9261645199999999,0.07383548000000006,1
icbhi2017::158_1p2_Pr_mc_AKGC417L__cycle_004,icbhi2017,icbhi2017::158,calibration,False,1,both,2.4540000000000006,1,0.84123445,0.6971092,0.7691718249999999,0.23082817500000008,1
icbhi2017::158_1p2_Pr_mc_AKGC417L__cycle_005,icbhi2017,icbhi2017::158,calibration,False,0,normal,2.6210000000000004,0,0.711664,0.6886983,0.7001811499999999,0.2998188500000001,1
icbhi2017::158_1p2_Pr_mc_AKGC417L__cycle_006,icbhi2017,icbhi2017::158,calibration,False,1,crackle,2.287000000000001,1,0.545523,0.35512862,0.45032581,0.54967419,0
icbhi2017::158_1p2_Pr_mc_AKGC417L__cycle_007,icbhi2017,icbhi2017::158,calibration,False,1,wheeze,0.884999999999998,1,0.81965464,0.8305184,0.8250865199999999,0.17491348000000007,1
icbhi2017::158_1p2_Tc_mc_AKGC417L__cycle_000,icbhi2017,icbhi2017::158,calibration,False,1,crackle,1.737,1,0.19763865,0.3126313,0.255134975,0.744865025,0
icbhi2017::158_1p2_Tc_mc_AKGC417L__cycle_001,icbhi2017,icbhi2017::158,calibration,False,1,crackle,2.8710000000000004,1,0.39637476,0.7019128,0.54914378,0.45085622000000003,1
icbhi2017::158_1p2_Tc_mc_AKGC417L__cycle_002,icbhi2017,icbhi2017::158,calibration,False,0,normal,2.5039999999999996,0,0.063428864,0.3167611,0.19009498200000002,0.809905018,0
icbhi2017::158_1p2_Tc_mc_AKGC417L__cycle_003,icbhi2017,icbhi2017::158,calibration,False,0,normal,2.388,0,0.31825575,0.327014,0.322634875,0.677365125,0
icbhi2017::158_1p2_Tc_mc_AKGC417L__cycle_004,icbhi2017,icbhi2017::158,calibration,False,0,normal,2.4540000000000006,0,0.32103676,0.345829,0.33343288,0.6665671200000001,0
icbhi2017::158_1p2_Tc_mc_AKGC417L__cycle_005,icbhi2017,icbhi2017::158,calibration,False,0,normal,2.6210000000000004,0,0.09637323,0.2579956,0.17718441499999998,0.8228155850000001,0
icbhi2017::158_1p2_Tc_mc_AKGC417L__cycle_006,icbhi2017,icbhi2017::158,calibration,False,0,normal,2.287000000000001,0,0.40282536,0.4815003,0.44216283,0.55783717,0
icbhi2017::158_1p2_Tc_mc_AKGC417L__cycle_007,icbhi2017,icbhi2017::158,calibration,False,0,normal,0.884999999999998,0,0.03256058,0.46078667,0.246673625,0.753326375,0
icbhi2017::158_1p3_Al_mc_AKGC417L__cycle_000,icbhi2017,icbhi2017::158,calibration,False,1,wheeze,1.6030000000000002,1,0.9379013,0.79928875,0.8685950250000001,0.13140497499999992,1
icbhi2017::158_1p3_Al_mc_AKGC417L__cycle_001,icbhi2017,icbhi2017::158,calibration,False,1,both,2.8379999999999996,1,0.8635053,0.9285025,0.8960039,0.10399610000000004,1
icbhi2017::158_1p3_Al_mc_AKGC417L__cycle_002,icbhi2017,icbhi2017::158,calibration,False,1,both,2.404,1,0.91277635,0.9194443,0.916110325,0.083889675,1
icbhi2017::158_1p3_Al_mc_AKGC417L__cycle_003,icbhi2017,icbhi2017::158,calibration,False,1,crackle,2.354,1,0.8729719,0.81667244,0.84482217,0.15517782999999996,1
icbhi2017::158_1p3_Al_mc_AKGC417L__cycle_004,icbhi2017,icbhi2017::158,calibration,False,1,both,2.271000000000001,1,0.89636886,0.9185013,0.90743508,0.09256492000000005,1
icbhi2017::158_1p3_Al_mc_AKGC417L__cycle_005,icbhi2017,icbhi2017::158,calibration,False,1,both,2.2029999999999994,1,0.888934,0.88361216,0.88627308,0.11372691999999995,1
icbhi2017::158_1p3_Al_mc_AKGC417L__cycle_006,icbhi2017,icbhi2017::158,calibration,False,1,wheeze,2.2540000000000013,1,0.67004156,0.6320821,0.65106183,0.34893817000000005,1
icbhi2017::158_1p3_Al_mc_AKGC417L__cycle_007,icbhi2017,icbhi2017::158,calibration,False,1,wheeze,2.286999999999999,1,0.80123633,0.8859197,0.8435780150000001,0.15642198499999993,1
icbhi2017::158_1p3_Al_mc_AKGC417L__cycle_008,icbhi2017,icbhi2017::158,calibration,False,0,normal,0.8509999999999991,0,0.44970855,0.6273297,0.538519125,0.461480875,1
icbhi2017::158_1p3_Ar_mc_AKGC417L__cycle_000,icbhi2017,icbhi2017::158,calibration,False,1,both,1.6030000000000002,1,0.9479793,0.765663,0.85682115,0.14317884999999997,1
icbhi2017::158_1p3_Ar_mc_AKGC417L__cycle_001,icbhi2017,icbhi2017::158,calibration,False,1,wheeze,2.8379999999999996,1,0.8962524,0.9265366,0.9113945,0.0886055,1
icbhi2017::158_1p3_Ar_mc_AKGC417L__cycle_002,icbhi2017,icbhi2017::158,calibration,False,1,wheeze,2.404,1,0.9635101,0.76731586,0.86541298,0.13458702,1
icbhi2017::158_1p3_Ar_mc_AKGC417L__cycle_003,icbhi2017,icbhi2017::158,calibration,False,1,both,2.354,1,0.6682812,0.6916925,0.67998685,0.32001314999999997,1
icbhi2017::158_1p3_Ar_mc_AKGC417L__cycle_004,icbhi2017,icbhi2017::158,calibration,False,1,both,2.271000000000001,1,0.82279396,0.8490626,0.8359282800000001,0.16407171999999992,1
icbhi2017::158_1p3_Ar_mc_AKGC417L__cycle_005,icbhi2017,icbhi2017::158,calibration,False,1,both,2.2029999999999994,1,0.9243854,0.91208154,0.91823347,0.08176653,1
icbhi2017::158_1p3_Ar_mc_AKGC417L__cycle_006,icbhi2017,icbhi2017::158,calibration,False,1,wheeze,2.2540000000000013,1,0.6992608,0.89690775,0.798084275,0.201915725,1
icbhi2017::158_1p3_Ar_mc_AKGC417L__cycle_007,icbhi2017,icbhi2017::158,calibration,False,1,wheeze,2.286999999999999,1,0.92136794,0.9384073,0.92988762,0.07011237999999997,1
icbhi2017::158_1p3_Ar_mc_AKGC417L__cycle_008,icbhi2017,icbhi2017::158,calibration,False,0,normal,0.8509999999999991,0,0.615732,0.84638894,0.73106047,0.26893953000000004,1
icbhi2017::158_1p3_Ll_mc_AKGC417L__cycle_000,icbhi2017,icbhi2017::158,calibration,False,1,wheeze,1.6030000000000002,1,0.97937757,0.9854494,0.982413485,0.01758651499999997,1
icbhi2017::158_1p3_Ll_mc_AKGC417L__cycle_001,icbhi2017,icbhi2017::158,calibration,False,1,wheeze,2.8379999999999996,1,0.78015095,0.8004195,0.790285225,0.20971477500000002,1
icbhi2017::158_1p3_Ll_mc_AKGC417L__cycle_002,icbhi2017,icbhi2017::158,calibration,False,1,wheeze,2.404,1,0.9671736,0.92695725,0.9470654249999999,0.052934575000000095,1
icbhi2017::158_1p3_Ll_mc_AKGC417L__cycle_003,icbhi2017,icbhi2017::158,calibration,False,1,crackle,2.354,1,0.83009875,0.81679976,0.823449255,0.176550745,1
icbhi2017::158_1p3_Ll_mc_AKGC417L__cycle_004,icbhi2017,icbhi2017::158,calibration,False,1,wheeze,2.271000000000001,1,0.9219752,0.9224983,0.9222367499999999,0.07776325000000006,1
icbhi2017::158_1p3_Ll_mc_AKGC417L__cycle_005,icbhi2017,icbhi2017::158,calibration,False,1,both,2.2029999999999994,1,0.96408546,0.88210493,0.9230951949999999,0.07690480500000008,1
icbhi2017::158_1p3_Ll_mc_AKGC417L__cycle_006,icbhi2017,icbhi2017::158,calibration,False,1,both,2.2540000000000013,1,0.9643311,0.96213657,0.963233835,0.03676616499999996,1
icbhi2017::158_1p3_Ll_mc_AKGC417L__cycle_007,icbhi2017,icbhi2017::158,calibration,False,1,wheeze,2.286999999999999,1,0.9497286,0.8832989,0.91651375,0.08348624999999998,1
icbhi2017::158_1p3_Ll_mc_AKGC417L__cycle_008,icbhi2017,icbhi2017::158,calibration,False,0,normal,0.8509999999999991,0,0.5048179,0.80266255,0.653740225,0.34625977500000005,1
icbhi2017::158_1p3_Lr_mc_AKGC417L__cycle_000,icbhi2017,icbhi2017::158,calibration,False,1,both,1.6030000000000002,1,0.880545,0.7580841,0.8193145500000001,0.18068544999999991,1
icbhi2017::158_1p3_Lr_mc_AKGC417L__cycle_001,icbhi2017,icbhi2017::158,calibration,False,1,wheeze,2.8379999999999996,1,0.97675246,0.95208406,0.96441826,0.03558174000000003,1
icbhi2017::158_1p3_Lr_mc_AKGC417L__cycle_002,icbhi2017,icbhi2017::158,calibration,False,1,wheeze,2.404,1,0.9762622,0.8557898,0.916026,0.083974,1
icbhi2017::158_1p3_Lr_mc_AKGC417L__cycle_003,icbhi2017,icbhi2017::158,calibration,False,1,wheeze,2.354,1,0.8744206,0.8100421,0.84223135,0.15776864999999995,1
icbhi2017::158_1p3_Lr_mc_AKGC417L__cycle_004,icbhi2017,icbhi2017::158,calibration,False,1,both,2.271000000000001,1,0.9289438,0.89405817,0.911500985,0.08849901500000001,1
icbhi2017::158_1p3_Lr_mc_AKGC417L__cycle_005,icbhi2017,icbhi2017::158,calibration,False,1,both,2.2029999999999994,1,0.9055561,0.830248,0.86790205,0.13209795000000002,1
icbhi2017::158_1p3_Lr_mc_AKGC417L__cycle_006,icbhi2017,icbhi2017::158,calibration,False,1,both,2.2540000000000013,1,0.96772534,0.937125,0.9524251699999999,0.04757483000000007,1
icbhi2017::158_1p3_Lr_mc_AKGC417L__cycle_007,icbhi2017,icbhi2017::158,calibration,False,1,wheeze,2.286999999999999,1,0.97865343,0.9733793,0.976016365,0.023983635000000003,1
icbhi2017::158_1p3_Lr_mc_AKGC417L__cycle_008,icbhi2017,icbhi2017::158,calibration,False,1,wheeze,0.8509999999999991,1,0.93255085,0.9066191,0.919584975,0.08041502499999997,1
icbhi2017::158_1p3_Pl_mc_AKGC417L__cycle_000,icbhi2017,icbhi2017::158,calibration,False,1,wheeze,1.6030000000000002,1,0.4189277,0.40401605,0.41147187500000004,0.588528125,0
icbhi2017::158_1p3_Pl_mc_AKGC417L__cycle_001,icbhi2017,icbhi2017::158,calibration,False,1,wheeze,2.8379999999999996,1,0.4887634,0.6983175,0.59354045,0.40645955,1
icbhi2017::158_1p3_Pl_mc_AKGC417L__cycle_002,icbhi2017,icbhi2017::158,calibration,False,1,wheeze,2.404,1,0.8967821,0.83276564,0.8647738700000001,0.13522612999999994,1
icbhi2017::158_1p3_Pl_mc_AKGC417L__cycle_003,icbhi2017,icbhi2017::158,calibration,False,1,wheeze,2.354,1,0.8351886,0.89978176,0.86748518,0.13251482000000003,1
icbhi2017::158_1p3_Pl_mc_AKGC417L__cycle_004,icbhi2017,icbhi2017::158,calibration,False,1,both,2.271000000000001,1,0.89558846,0.8818777,0.88873308,0.11126692000000005,1
icbhi2017::158_1p3_Pl_mc_AKGC417L__cycle_005,icbhi2017,icbhi2017::158,calibration,False,1,both,2.2029999999999994,1,0.89987963,0.82330376,0.861591695,0.138408305,1
icbhi2017::158_1p3_Pl_mc_AKGC417L__cycle_006,icbhi2017,icbhi2017::158,calibration,False,1,both,2.2540000000000013,1,0.92421716,0.8871863,0.90570173,0.09429827000000002,1
icbhi2017::158_1p3_Pl_mc_AKGC417L__cycle_007,icbhi2017,icbhi2017::158,calibration,False,1,wheeze,2.286999999999999,1,0.6793516,0.7288239,0.70408775,0.29591225,1
icbhi2017::158_1p3_Pl_mc_AKGC417L__cycle_008,icbhi2017,icbhi2017::158,calibration,False,0,normal,0.8509999999999991,0,0.19111378,0.21838495,0.20474936500000002,0.7952506349999999,0
icbhi2017::158_1p3_Pr_mc_AKGC417L__cycle_000,icbhi2017,icbhi2017::158,calibration,False,1,wheeze,1.6030000000000002,1,0.8333778,0.6102231,0.7218004499999999,0.2781995500000001,1
icbhi2017::158_1p3_Pr_mc_AKGC417L__cycle_001,icbhi2017,icbhi2017::158,calibration,False,1,wheeze,2.8379999999999996,1,0.9849776,0.92274994,0.95386377,0.04613623,1
icbhi2017::158_1p3_Pr_mc_AKGC417L__cycle_002,icbhi2017,icbhi2017::158,calibration,False,1,wheeze,2.404,1,0.9406558,0.7771816,0.8589187,0.14108129999999997,1
icbhi2017::158_1p3_Pr_mc_AKGC417L__cycle_003,icbhi2017,icbhi2017::158,calibration,False,1,both,2.354,1,0.9397481,0.8432579,0.8915029999999999,0.10849700000000007,1
icbhi2017::158_1p3_Pr_mc_AKGC417L__cycle_004,icbhi2017,icbhi2017::158,calibration,False,1,wheeze,2.271000000000001,1,0.9513367,0.8515202,0.90142845,0.09857154999999995,1
icbhi2017::158_1p3_Pr_mc_AKGC417L__cycle_005,icbhi2017,icbhi2017::158,calibration,False,1,both,2.2029999999999994,1,0.9528069,0.8976933,0.9252501,0.07474990000000004,1
icbhi2017::158_1p3_Pr_mc_AKGC417L__cycle_006,icbhi2017,icbhi2017::158,calibration,False,1,wheeze,2.2540000000000013,1,0.92777884,0.75382364,0.84080124,0.15919876,1
icbhi2017::158_1p3_Pr_mc_AKGC417L__cycle_007,icbhi2017,icbhi2017::158,calibration,False,1,both,2.286999999999999,1,0.9853092,0.892518,0.9389136,0.061086399999999985,1
icbhi2017::158_1p3_Pr_mc_AKGC417L__cycle_008,icbhi2017,icbhi2017::158,calibration,False,1,wheeze,0.8509999999999991,1,0.9779499,0.8237611,0.9008555,0.09914449999999997,1
icbhi2017::158_1p3_Tc_mc_AKGC417L__cycle_000,icbhi2017,icbhi2017::158,calibration,False,1,wheeze,1.6030000000000002,1,0.2837754,0.38778347,0.335779435,0.6642205649999999,0
icbhi2017::158_1p3_Tc_mc_AKGC417L__cycle_001,icbhi2017,icbhi2017::158,calibration,False,1,wheeze,2.8379999999999996,1,0.72171795,0.74484015,0.73327905,0.26672094999999996,1
icbhi2017::158_1p3_Tc_mc_AKGC417L__cycle_002,icbhi2017,icbhi2017::158,calibration,False,1,wheeze,2.404,1,0.45798433,0.576654,0.517319165,0.48268083500000003,1
icbhi2017::158_1p3_Tc_mc_AKGC417L__cycle_003,icbhi2017,icbhi2017::158,calibration,False,0,normal,2.354,0,0.2686155,0.45971107,0.364163285,0.6358367149999999,0
icbhi2017::158_1p3_Tc_mc_AKGC417L__cycle_004,icbhi2017,icbhi2017::158,calibration,False,1,wheeze,2.271000000000001,1,0.09134233,0.22606222,0.158702275,0.841297725,0
icbhi2017::158_1p3_Tc_mc_AKGC417L__cycle_005,icbhi2017,icbhi2017::158,calibration,False,1,wheeze,2.2029999999999994,1,0.15844332,0.3288735,0.24365841,0.75634159,0
icbhi2017::158_1p3_Tc_mc_AKGC417L__cycle_006,icbhi2017,icbhi2017::158,calibration,False,1,wheeze,2.2540000000000013,1,0.18563221,0.4649211,0.32527665499999997,0.6747233450000001,0
icbhi2017::158_1p3_Tc_mc_AKGC417L__cycle_007,icbhi2017,icbhi2017::158,calibration,False,1,wheeze,2.286999999999999,1,0.084917545,0.5911149,0.3380162225,0.6619837774999999,0
icbhi2017::158_1p3_Tc_mc_AKGC417L__cycle_008,icbhi2017,icbhi2017::158,calibration,False,0,normal,0.8509999999999991,0,0.13119474,0.45118198,0.29118836,0.70881164,0
icbhi2017::158_1p4_Al_mc_AKGC417L__cycle_000,icbhi2017,icbhi2017::158,calibration,False,1,both,2.471,1,0.94134897,0.958344,0.9498464849999999,0.05015351500000009,1
icbhi2017::158_1p4_Al_mc_AKGC417L__cycle_001,icbhi2017,icbhi2017::158,calibration,False,1,both,2.2369999999999997,1,0.93402267,0.9387269,0.936374785,0.06362521499999996,1
icbhi2017::158_1p4_Al_mc_AKGC417L__cycle_002,icbhi2017,icbhi2017::158,calibration,False,1,crackle,2.17,1,0.94551915,0.82551837,0.88551876,0.11448124000000004,1
icbhi2017::158_1p4_Al_mc_AKGC417L__cycle_003,icbhi2017,icbhi2017::158,calibration,False,0,normal,2.154000000000001,0,0.5617262,0.3945683,0.47814724999999997,0.5218527500000001,0
icbhi2017::158_1p4_Al_mc_AKGC417L__cycle_004,icbhi2017,icbhi2017::158,calibration,False,1,crackle,2.0700000000000003,1,0.85715127,0.7025802,0.779865735,0.220134265,1
icbhi2017::158_1p4_Al_mc_AKGC417L__cycle_005,icbhi2017,icbhi2017::158,calibration,False,1,crackle,2.237,1,0.79651475,0.78986305,0.7931889000000001,0.20681109999999991,1
icbhi2017::158_1p4_Al_mc_AKGC417L__cycle_006,icbhi2017,icbhi2017::158,calibration,False,0,normal,2.0699999999999985,0,0.6188517,0.38208696,0.50046933,0.49953066999999995,1
icbhi2017::158_1p4_Al_mc_AKGC417L__cycle_007,icbhi2017,icbhi2017::158,calibration,False,1,both,2.054000000000002,1,0.8353314,0.5942696,0.7148005,0.28519950000000005,1
icbhi2017::158_1p4_Al_mc_AKGC417L__cycle_008,icbhi2017,icbhi2017::158,calibration,False,0,normal,2.0199999999999996,0,0.8550486,0.7689117,0.81198015,0.18801985,1
icbhi2017::158_1p4_Ar_mc_AKGC417L__cycle_000,icbhi2017,icbhi2017::158,calibration,False,1,both,2.471,1,0.9061196,0.90507156,0.90559558,0.09440442000000004,1
icbhi2017::158_1p4_Ar_mc_AKGC417L__cycle_001,icbhi2017,icbhi2017::158,calibration,False,1,crackle,2.2369999999999997,1,0.86698484,0.86995447,0.868469655,0.13153034500000005,1
icbhi2017::158_1p4_Ar_mc_AKGC417L__cycle_002,icbhi2017,icbhi2017::158,calibration,False,1,crackle,2.17,1,0.8880683,0.84527475,0.866671525,0.133328475,1
icbhi2017::158_1p4_Ar_mc_AKGC417L__cycle_003,icbhi2017,icbhi2017::158,calibration,False,0,normal,2.154000000000001,0,0.76025546,0.88376915,0.822012305,0.177987695,1
icbhi2017::158_1p4_Ar_mc_AKGC417L__cycle_004,icbhi2017,icbhi2017::158,calibration,False,1,crackle,2.0700000000000003,1,0.87850857,0.81261134,0.845559955,0.15444004499999997,1
icbhi2017::158_1p4_Ar_mc_AKGC417L__cycle_005,icbhi2017,icbhi2017::158,calibration,False,1,crackle,2.237,1,0.8594574,0.8495803,0.85451885,0.14548114999999995,1
icbhi2017::158_1p4_Ar_mc_AKGC417L__cycle_006,icbhi2017,icbhi2017::158,calibration,False,0,normal,2.0699999999999985,0,0.64845616,0.72748137,0.6879687649999999,0.3120312350000001,1
icbhi2017::158_1p4_Ar_mc_AKGC417L__cycle_007,icbhi2017,icbhi2017::158,calibration,False,1,crackle,2.054000000000002,1,0.8789996,0.8757431,0.87737135,0.12262865,1
icbhi2017::158_1p4_Ar_mc_AKGC417L__cycle_008,icbhi2017,icbhi2017::158,calibration,False,1,crackle,2.0199999999999996,1,0.9210292,0.70521975,0.813124475,0.18687552500000004,1
icbhi2017::158_1p4_Lr_mc_AKGC417L__cycle_000,icbhi2017,icbhi2017::158,calibration,False,1,both,2.471,1,0.941626,0.901761,0.9216934999999999,0.07830650000000006,1
icbhi2017::158_1p4_Lr_mc_AKGC417L__cycle_001,icbhi2017,icbhi2017::158,calibration,False,1,both,2.2369999999999997,1,0.9026403,0.8685514,0.88559585,0.11440415000000004,1
icbhi2017::158_1p4_Lr_mc_AKGC417L__cycle_002,icbhi2017,icbhi2017::158,calibration,False,1,both,2.17,1,0.8720204,0.85351324,0.86276682,0.13723317999999995,1
icbhi2017::158_1p4_Lr_mc_AKGC417L__cycle_003,icbhi2017,icbhi2017::158,calibration,False,1,wheeze,2.154000000000001,1,0.68774855,0.8041139,0.7459312250000001,0.2540687749999999,1
icbhi2017::158_1p4_Lr_mc_AKGC417L__cycle_004,icbhi2017,icbhi2017::158,calibration,False,1,wheeze,2.0700000000000003,1,0.91905457,0.81258434,0.865819455,0.13418054499999998,1
icbhi2017::158_1p4_Lr_mc_AKGC417L__cycle_005,icbhi2017,icbhi2017::158,calibration,False,1,wheeze,2.237,1,0.909616,0.8847352,0.8971756,0.10282440000000004,1
icbhi2017::158_1p4_Lr_mc_AKGC417L__cycle_006,icbhi2017,icbhi2017::158,calibration,False,1,wheeze,2.0699999999999985,1,0.55761355,0.7736786,0.665646075,0.33435392500000005,1
icbhi2017::158_1p4_Lr_mc_AKGC417L__cycle_007,icbhi2017,icbhi2017::158,calibration,False,1,both,2.054000000000002,1,0.96860516,0.90343744,0.9360213,0.06397870000000005,1
icbhi2017::158_1p4_Lr_mc_AKGC417L__cycle_008,icbhi2017,icbhi2017::158,calibration,False,1,both,2.0199999999999996,1,0.96482843,0.92708224,0.945955335,0.05404466500000005,1
icbhi2017::158_1p4_Pl_mc_AKGC417L__cycle_000,icbhi2017,icbhi2017::158,calibration,False,1,wheeze,2.471,1,0.65924865,0.7385373,0.6988929749999999,0.3011070250000001,1
icbhi2017::158_1p4_Pl_mc_AKGC417L__cycle_001,icbhi2017,icbhi2017::158,calibration,False,1,both,2.2369999999999997,1,0.928712,0.8061224,0.8674172,0.1325828,1
icbhi2017::158_1p4_Pl_mc_AKGC417L__cycle_002,icbhi2017,icbhi2017::158,calibration,False,1,crackle,2.17,1,0.7313677,0.6253471,0.6783574,0.3216426,1
icbhi2017::158_1p4_Pl_mc_AKGC417L__cycle_003,icbhi2017,icbhi2017::158,calibration,False,0,normal,2.154000000000001,0,0.83189535,0.7518867,0.791891025,0.20810897500000003,1
icbhi2017::158_1p4_Pl_mc_AKGC417L__cycle_004,icbhi2017,icbhi2017::158,calibration,False,1,crackle,2.0700000000000003,1,0.78313744,0.71938413,0.7512607849999999,0.24873921500000007,1
icbhi2017::158_1p4_Pl_mc_AKGC417L__cycle_005,icbhi2017,icbhi2017::158,calibration,False,1,crackle,2.237,1,0.81811714,0.72384304,0.77098009,0.22901991,1
icbhi2017::158_1p4_Pl_mc_AKGC417L__cycle_006,icbhi2017,icbhi2017::158,calibration,False,0,normal,2.0699999999999985,0,0.93184817,0.9252269,0.928537535,0.07146246499999998,1
icbhi2017::158_1p4_Pl_mc_AKGC417L__cycle_007,icbhi2017,icbhi2017::158,calibration,False,1,both,2.054000000000002,1,0.72428,0.7908914,0.7575857,0.24241429999999997,1
icbhi2017::158_1p4_Pl_mc_AKGC417L__cycle_008,icbhi2017,icbhi2017::158,calibration,False,1,both,2.0199999999999996,1,0.89020145,0.9071205,0.898660975,0.10133902500000003,1
icbhi2017::158_1p4_Pr_mc_AKGC417L__cycle_000,icbhi2017,icbhi2017::158,calibration,False,1,wheeze,2.471,1,0.97735023,0.9020523,0.9397012650000001,0.06029873499999994,1
icbhi2017::158_1p4_Pr_mc_AKGC417L__cycle_001,icbhi2017,icbhi2017::158,calibration,False,1,both,2.2369999999999997,1,0.9443854,0.8298745,0.8871299500000001,0.11287004999999994,1
icbhi2017::158_1p4_Pr_mc_AKGC417L__cycle_002,icbhi2017,icbhi2017::158,calibration,False,1,both,2.17,1,0.9619233,0.845801,0.90386215,0.09613784999999997,1
icbhi2017::158_1p4_Pr_mc_AKGC417L__cycle_003,icbhi2017,icbhi2017::158,calibration,False,1,both,2.154000000000001,1,0.95169413,0.87098587,0.91134,0.08865999999999996,1
icbhi2017::158_1p4_Pr_mc_AKGC417L__cycle_004,icbhi2017,icbhi2017::158,calibration,False,1,both,2.0700000000000003,1,0.9788422,0.82682204,0.90283212,0.09716787999999998,1
icbhi2017::158_1p4_Pr_mc_AKGC417L__cycle_005,icbhi2017,icbhi2017::158,calibration,False,1,both,2.237,1,0.99178,0.9630968,0.9774384,0.02256159999999996,1
icbhi2017::158_1p4_Pr_mc_AKGC417L__cycle_006,icbhi2017,icbhi2017::158,calibration,False,1,wheeze,2.0699999999999985,1,0.98871636,0.87451917,0.9316177649999999,0.06838223500000007,1
icbhi2017::158_1p4_Pr_mc_AKGC417L__cycle_007,icbhi2017,icbhi2017::158,calibration,False,1,both,2.054000000000002,1,0.9908635,0.9158646,0.95336405,0.04663594999999998,1
icbhi2017::158_1p4_Pr_mc_AKGC417L__cycle_008,icbhi2017,icbhi2017::158,calibration,False,1,both,2.0199999999999996,1,0.9859346,0.86079806,0.92336633,0.07663366999999999,1
icbhi2017::158_1p4_Tc_mc_AKGC417L__cycle_000,icbhi2017,icbhi2017::158,calibration,False,1,crackle,2.471,1,0.7053068,0.8374824,0.7713946,0.22860539999999996,1
icbhi2017::158_1p4_Tc_mc_AKGC417L__cycle_001,icbhi2017,icbhi2017::158,calibration,False,1,crackle,2.2369999999999997,1,0.26455304,0.42036426,0.34245865,0.65754135,0
icbhi2017::158_1p4_Tc_mc_AKGC417L__cycle_002,icbhi2017,icbhi2017::158,calibration,False,0,normal,2.17,0,0.3608468,0.3994707,0.38015875,0.61984125,0
icbhi2017::158_1p4_Tc_mc_AKGC417L__cycle_003,icbhi2017,icbhi2017::158,calibration,False,0,normal,2.154000000000001,0,0.05067726,0.35458827,0.202632765,0.7973672350000001,0
icbhi2017::158_1p4_Tc_mc_AKGC417L__cycle_004,icbhi2017,icbhi2017::158,calibration,False,1,crackle,2.0700000000000003,1,0.4388374,0.6106294,0.5247334,0.4752666,1
icbhi2017::158_1p4_Tc_mc_AKGC417L__cycle_005,icbhi2017,icbhi2017::158,calibration,False,0,normal,2.237,0,0.13625488,0.40458566,0.27042027,0.72957973,0
icbhi2017::158_1p4_Tc_mc_AKGC417L__cycle_006,icbhi2017,icbhi2017::158,calibration,False,0,normal,2.0699999999999985,0,0.105692774,0.50716233,0.306427552,0.6935724480000001,0
icbhi2017::158_1p4_Tc_mc_AKGC417L__cycle_007,icbhi2017,icbhi2017::158,calibration,False,1,crackle,2.054000000000002,1,0.5042361,0.8737596,0.68899785,0.31100215,1
icbhi2017::158_1p4_Tc_mc_AKGC417L__cycle_008,icbhi2017,icbhi2017::158,calibration,False,0,normal,2.0199999999999996,0,0.5593752,0.8214439,0.69040955,0.30959044999999996,1
icbhi2017::158_2p2_Ar_mc_AKGC417L__cycle_000,icbhi2017,icbhi2017::158,calibration,False,1,crackle,2.254,1,0.9219345,0.9083015,0.915118,0.08488200000000001,1
icbhi2017::158_2p2_Ar_mc_AKGC417L__cycle_001,icbhi2017,icbhi2017::158,calibration,False,1,both,2.287,1,0.79063845,0.7566317,0.7736350750000001,0.22636492499999994,1
icbhi2017::158_2p2_Ar_mc_AKGC417L__cycle_002,icbhi2017,icbhi2017::158,calibration,False,1,wheeze,1.9200000000000008,1,0.9248641,0.9360294,0.93044675,0.06955325000000001,1
icbhi2017::158_2p2_Ar_mc_AKGC417L__cycle_003,icbhi2017,icbhi2017::158,calibration,False,0,normal,1.8359999999999983,0,0.5148004,0.54570395,0.530252175,0.469747825,1
icbhi2017::158_2p2_Ar_mc_AKGC417L__cycle_004,icbhi2017,icbhi2017::158,calibration,False,1,both,1.7200000000000006,1,0.54764485,0.6906817,0.619163275,0.380836725,1
icbhi2017::158_2p2_Ar_mc_AKGC417L__cycle_005,icbhi2017,icbhi2017::158,calibration,False,1,crackle,1.9860000000000009,1,0.5524169,0.627553,0.5899849500000001,0.41001504999999994,1
icbhi2017::158_2p2_Ar_mc_AKGC417L__cycle_006,icbhi2017,icbhi2017::158,calibration,False,1,crackle,1.886999999999999,1,0.57496804,0.68231416,0.6286411000000001,0.37135889999999994,1
icbhi2017::158_2p2_Ar_mc_AKGC417L__cycle_007,icbhi2017,icbhi2017::158,calibration,False,1,crackle,2.1370000000000005,1,0.69466126,0.7944049,0.74453308,0.25546692000000004,1
icbhi2017::158_2p2_Ar_mc_AKGC417L__cycle_008,icbhi2017,icbhi2017::158,calibration,False,1,crackle,2.120000000000001,1,0.7025493,0.67483795,0.688693625,0.311306375,1
icbhi2017::158_2p3_Lr_mc_AKGC417L__cycle_000,icbhi2017,icbhi2017::158,calibration,False,1,crackle,1.119,1,0.06390621,0.42623085,0.24506853,0.75493147,0
icbhi2017::158_2p3_Lr_mc_AKGC417L__cycle_001,icbhi2017,icbhi2017::158,calibration,False,1,crackle,2.087,1,0.24490541,0.5645038,0.404704605,0.595295395,0
icbhi2017::158_2p3_Lr_mc_AKGC417L__cycle_002,icbhi2017,icbhi2017::158,calibration,False,1,both,1.836,1,0.20122132,0.54230005,0.37176068500000004,0.628239315,0
icbhi2017::158_2p3_Lr_mc_AKGC417L__cycle_003,icbhi2017,icbhi2017::158,calibration,False,1,crackle,1.636,1,0.44481224,0.9108085,0.67781037,0.32218963,1
icbhi2017::158_2p3_Lr_mc_AKGC417L__cycle_004,icbhi2017,icbhi2017::158,calibration,False,1,crackle,1.5860000000000003,1,0.25727153,0.5970622,0.427166865,0.572833135,0
icbhi2017::158_2p3_Lr_mc_AKGC417L__cycle_005,icbhi2017,icbhi2017::158,calibration,False,1,crackle,1.6359999999999992,1,0.2919367,0.5963568,0.44414675000000003,0.55585325,0
icbhi2017::158_2p3_Lr_mc_AKGC417L__cycle_006,icbhi2017,icbhi2017::158,calibration,False,1,crackle,1.5690000000000008,1,0.29252124,0.5926944,0.44260782,0.55739218,0
icbhi2017::158_2p3_Lr_mc_AKGC417L__cycle_007,icbhi2017,icbhi2017::158,calibration,False,1,crackle,1.7199999999999989,1,0.32438603,0.6167067,0.470546365,0.529453635,0
icbhi2017::158_2p3_Lr_mc_AKGC417L__cycle_008,icbhi2017,icbhi2017::158,calibration,False,1,both,1.502000000000001,1,0.32605484,0.82818633,0.577120585,0.42287941500000004,1
icbhi2017::158_2p3_Lr_mc_AKGC417L__cycle_009,icbhi2017,icbhi2017::158,calibration,False,1,both,1.6199999999999992,1,0.9411943,0.95912915,0.9501617250000001,0.04983827499999993,1
icbhi2017::158_2p3_Lr_mc_AKGC417L__cycle_010,icbhi2017,icbhi2017::158,calibration,False,1,both,1.568999999999999,1,0.8869021,0.93864083,0.9127714650000001,0.08722853499999994,1
icbhi2017::158_2p3_Lr_mc_AKGC417L__cycle_011,icbhi2017,icbhi2017::158,calibration,False,1,both,1.5690000000000026,1,0.9718239,0.9825874,0.9772056499999999,0.022794350000000074,1
icbhi2017::158_2p3_Tc_mc_AKGC417L__cycle_000,icbhi2017,icbhi2017::158,calibration,False,1,wheeze,1.119,1,0.91097534,0.8495652,0.88027027,0.11972972999999998,1
icbhi2017::158_2p3_Tc_mc_AKGC417L__cycle_001,icbhi2017,icbhi2017::158,calibration,False,1,both,2.087,1,0.93321127,0.7533116,0.8432614350000001,0.15673856499999994,1
icbhi2017::158_2p3_Tc_mc_AKGC417L__cycle_002,icbhi2017,icbhi2017::158,calibration,False,1,wheeze,1.836,1,0.8641264,0.8888087,0.87646755,0.12353245000000002,1
icbhi2017::158_2p3_Tc_mc_AKGC417L__cycle_003,icbhi2017,icbhi2017::158,calibration,False,1,wheeze,1.636,1,0.8752807,0.89864796,0.8869643300000001,0.11303566999999992,1
icbhi2017::158_2p3_Tc_mc_AKGC417L__cycle_004,icbhi2017,icbhi2017::158,calibration,False,1,wheeze,1.5860000000000003,1,0.5820917,0.5374765,0.5597841,0.4402159,1
icbhi2017::158_2p3_Tc_mc_AKGC417L__cycle_005,icbhi2017,icbhi2017::158,calibration,False,1,both,1.6359999999999992,1,0.5823572,0.8938158,0.7380865000000001,0.2619134999999999,1
icbhi2017::158_2p3_Tc_mc_AKGC417L__cycle_006,icbhi2017,icbhi2017::158,calibration,False,1,wheeze,1.5690000000000008,1,0.90022725,0.8438999,0.8720635750000001,0.1279364249999999,1
icbhi2017::158_2p3_Tc_mc_AKGC417L__cycle_007,icbhi2017,icbhi2017::158,calibration,False,1,wheeze,1.7199999999999989,1,0.7432581,0.79613614,0.76969712,0.23030288,1
icbhi2017::158_2p3_Tc_mc_AKGC417L__cycle_008,icbhi2017,icbhi2017::158,calibration,False,1,wheeze,1.502000000000001,1,0.9403023,0.68954265,0.814922475,0.18507752499999996,1
icbhi2017::158_2p3_Tc_mc_AKGC417L__cycle_009,icbhi2017,icbhi2017::158,calibration,False,1,wheeze,1.6199999999999992,1,0.7866837,0.8422296,0.81445665,0.18554335,1
icbhi2017::158_2p3_Tc_mc_AKGC417L__cycle_010,icbhi2017,icbhi2017::158,calibration,False,1,wheeze,1.568999999999999,1,0.8978302,0.81919855,0.8585143749999999,0.14148562500000006,1
icbhi2017::158_2p3_Tc_mc_AKGC417L__cycle_011,icbhi2017,icbhi2017::158,calibration,False,1,wheeze,1.5690000000000026,1,0.93060577,0.7631393,0.8468725349999999,0.15312746500000007,1
icbhi2017::163_2b2_Al_mc_AKGC417L__cycle_000,icbhi2017,icbhi2017::163,calibration,False,0,normal,3.74,0,0.046977103,0.14038451,0.09368080649999999,0.9063191935,0
icbhi2017::163_2b2_Al_mc_AKGC417L__cycle_001,icbhi2017,icbhi2017::163,calibration,False,0,normal,4.788,0,0.121548064,0.28814226,0.204845162,0.795154838,0
icbhi2017::163_2b2_Al_mc_AKGC417L__cycle_002,icbhi2017,icbhi2017::163,calibration,False,0,normal,4.703999999999999,0,0.061131075,0.20240822,0.1317696475,0.8682303525,0
icbhi2017::163_2b2_Al_mc_AKGC417L__cycle_003,icbhi2017,icbhi2017::163,calibration,False,0,normal,4.112,0,0.08034595,0.28794566,0.184145805,0.815854195,0
icbhi2017::163_2b2_Al_mc_AKGC417L__cycle_004,icbhi2017,icbhi2017::163,calibration,False,0,normal,2.588999999999998,0,0.1937972,0.43608275,0.31493997500000004,0.685060025,0
icbhi2017::163_2b2_Ar_mc_AKGC417L__cycle_000,icbhi2017,icbhi2017::163,calibration,False,0,normal,3.74,0,0.026079906,0.13937326,0.08272658299999999,0.917273417,0
icbhi2017::163_2b2_Ar_mc_AKGC417L__cycle_001,icbhi2017,icbhi2017::163,calibration,False,0,normal,4.788,0,0.031467766,0.16327032,0.097369043,0.902630957,0
icbhi2017::163_2b2_Ar_mc_AKGC417L__cycle_002,icbhi2017,icbhi2017::163,calibration,False,0,normal,4.703999999999999,0,0.023334354,0.17475659,0.099045472,0.900954528,0
icbhi2017::163_2b2_Ar_mc_AKGC417L__cycle_003,icbhi2017,icbhi2017::163,calibration,False,0,normal,4.112,0,0.04090453,0.13114399,0.08602425999999999,0.91397574,0
icbhi2017::163_2b2_Ar_mc_AKGC417L__cycle_004,icbhi2017,icbhi2017::163,calibration,False,0,normal,2.588999999999998,0,0.04866382,0.16021131,0.104437565,0.895562435,0
icbhi2017::163_2b2_Ll_mc_AKGC417L__cycle_000,icbhi2017,icbhi2017::163,calibration,False,0,normal,3.74,0,0.4564771,0.6284248,0.54245095,0.45754905,1
icbhi2017::163_2b2_Ll_mc_AKGC417L__cycle_001,icbhi2017,icbhi2017::163,calibration,False,1,crackle,4.788,1,0.4949497,0.7484984,0.62172405,0.37827595,1
icbhi2017::163_2b2_Ll_mc_AKGC417L__cycle_002,icbhi2017,icbhi2017::163,calibration,False,1,crackle,4.703999999999999,1,0.19112036,0.41877067,0.304945515,0.695054485,0
icbhi2017::163_2b2_Ll_mc_AKGC417L__cycle_003,icbhi2017,icbhi2017::163,calibration,False,0,normal,4.112,0,0.5716736,0.6715894,0.6216315,0.3783685,1
icbhi2017::163_2b2_Ll_mc_AKGC417L__cycle_004,icbhi2017,icbhi2017::163,calibration,False,0,normal,2.588999999999998,0,0.73895466,0.8458643,0.79240948,0.20759052,1
icbhi2017::163_2b2_Lr_mc_AKGC417L__cycle_000,icbhi2017,icbhi2017::163,calibration,False,1,crackle,3.74,1,0.30645812,0.40410954,0.35528382999999997,0.64471617,0
icbhi2017::163_2b2_Lr_mc_AKGC417L__cycle_001,icbhi2017,icbhi2017::163,calibration,False,0,normal,4.788,0,0.27386537,0.6221646,0.448014985,0.5519850150000001,0
icbhi2017::163_2b2_Lr_mc_AKGC417L__cycle_002,icbhi2017,icbhi2017::163,calibration,False,1,crackle,4.703999999999999,1,0.29232216,0.64956385,0.470943005,0.5290569949999999,0
icbhi2017::163_2b2_Lr_mc_AKGC417L__cycle_003,icbhi2017,icbhi2017::163,calibration,False,1,crackle,4.112,1,0.23625708,0.5310384,0.38364774,0.61635226,0
icbhi2017::163_2b2_Lr_mc_AKGC417L__cycle_004,icbhi2017,icbhi2017::163,calibration,False,0,normal,2.588999999999998,0,0.28070745,0.57188076,0.426294105,0.573705895,0
icbhi2017::163_2b2_Pl_mc_AKGC417L__cycle_000,icbhi2017,icbhi2017::163,calibration,False,1,crackle,3.74,1,0.51715034,0.35870132,0.43792583,0.56207417,0
icbhi2017::163_2b2_Pl_mc_AKGC417L__cycle_001,icbhi2017,icbhi2017::163,calibration,False,1,crackle,4.788,1,0.58907175,0.6499532,0.6195124750000001,0.38048752499999994,1
icbhi2017::163_2b2_Pl_mc_AKGC417L__cycle_002,icbhi2017,icbhi2017::163,calibration,False,0,normal,4.703999999999999,0,0.3924449,0.32823792,0.36034141,0.63965859,0
icbhi2017::163_2b2_Pl_mc_AKGC417L__cycle_003,icbhi2017,icbhi2017::163,calibration,False,0,normal,4.112,0,0.7280754,0.6431715,0.68562345,0.31437655,1
icbhi2017::163_2b2_Pl_mc_AKGC417L__cycle_004,icbhi2017,icbhi2017::163,calibration,False,0,normal,2.588999999999998,0,0.9294226,0.9439569,0.93668975,0.06331025000000001,1
icbhi2017::163_2b2_Pr_mc_AKGC417L__cycle_000,icbhi2017,icbhi2017::163,calibration,False,0,normal,3.74,0,0.56174874,0.3796722,0.47071047,0.52928953,0
icbhi2017::163_2b2_Pr_mc_AKGC417L__cycle_001,icbhi2017,icbhi2017::163,calibration,False,0,normal,4.788,0,0.8972324,0.8598189,0.87852565,0.12147434999999995,1
icbhi2017::163_2b2_Pr_mc_AKGC417L__cycle_002,icbhi2017,icbhi2017::163,calibration,False,0,normal,4.703999999999999,0,0.6441891,0.77353156,0.70886033,0.29113966999999996,1
icbhi2017::163_2b2_Pr_mc_AKGC417L__cycle_003,icbhi2017,icbhi2017::163,calibration,False,0,normal,4.112,0,0.9211878,0.8101231,0.86565545,0.13434455,1
icbhi2017::163_2b2_Pr_mc_AKGC417L__cycle_004,icbhi2017,icbhi2017::163,calibration,False,0,normal,2.588999999999998,0,0.9323169,0.8766286,0.90447275,0.09552724999999995,1
icbhi2017::163_2b2_Tc_mc_AKGC417L__cycle_000,icbhi2017,icbhi2017::163,calibration,False,0,normal,3.74,0,0.03228695,0.10449441,0.06839068,0.93160932,0
icbhi2017::163_2b2_Tc_mc_AKGC417L__cycle_001,icbhi2017,icbhi2017::163,calibration,False,0,normal,4.788,0,0.0528359,0.105046324,0.078941112,0.921058888,0
icbhi2017::163_2b2_Tc_mc_AKGC417L__cycle_002,icbhi2017,icbhi2017::163,calibration,False,0,normal,4.703999999999999,0,0.025598234,0.08355046,0.054574346999999995,0.945425653,0
icbhi2017::163_2b2_Tc_mc_AKGC417L__cycle_003,icbhi2017,icbhi2017::163,calibration,False,0,normal,4.112,0,0.07926261,0.1386513,0.108956955,0.891043045,0
icbhi2017::163_2b2_Tc_mc_AKGC417L__cycle_004,icbhi2017,icbhi2017::163,calibration,False,0,normal,2.588999999999998,0,0.070731096,0.15607926,0.113405178,0.886594822,0
icbhi2017::163_8b3_Al_mc_AKGC417L__cycle_000,icbhi2017,icbhi2017::163,calibration,False,0,normal,3.333,0,0.18941341,0.4571934,0.323303405,0.676696595,0
icbhi2017::163_8b3_Al_mc_AKGC417L__cycle_001,icbhi2017,icbhi2017::163,calibration,False,0,normal,3.0289999999999995,0,0.12574649,0.2936581,0.20970229499999998,0.790297705,0
icbhi2017::163_8b3_Al_mc_AKGC417L__cycle_002,icbhi2017,icbhi2017::163,calibration,False,0,normal,3.4850000000000003,0,0.19952184,0.25235626,0.22593905,0.77406095,0
icbhi2017::163_8b3_Al_mc_AKGC417L__cycle_003,icbhi2017,icbhi2017::163,calibration,False,0,normal,3.3339999999999996,0,0.20388117,0.42017576,0.31202846500000003,0.687971535,0
icbhi2017::163_8b3_Al_mc_AKGC417L__cycle_004,icbhi2017,icbhi2017::163,calibration,False,0,normal,2.724,0,0.44037935,0.6449035,0.542641425,0.457358575,1
icbhi2017::163_8b3_Al_mc_AKGC417L__cycle_005,icbhi2017,icbhi2017::163,calibration,False,0,normal,3.620999999999998,0,0.16725206,0.3295617,0.24840688,0.75159312,0
icbhi2017::163_8b3_Ar_mc_AKGC417L__cycle_000,icbhi2017,icbhi2017::163,calibration,False,0,normal,3.333,0,0.09235795,0.33648908,0.214423515,0.785576485,0
icbhi2017::163_8b3_Ar_mc_AKGC417L__cycle_001,icbhi2017,icbhi2017::163,calibration,False,0,normal,3.0289999999999995,0,0.048078343,0.28279006,0.16543420150000002,0.8345657985,0
icbhi2017::163_8b3_Ar_mc_AKGC417L__cycle_002,icbhi2017,icbhi2017::163,calibration,False,0,normal,3.4850000000000003,0,0.11446942,0.31263393,0.213551675,0.7864483250000001,0
icbhi2017::163_8b3_Ar_mc_AKGC417L__cycle_003,icbhi2017,icbhi2017::163,calibration,False,0,normal,3.3339999999999996,0,0.08493365,0.34139463,0.21316414,0.78683586,0
icbhi2017::163_8b3_Ar_mc_AKGC417L__cycle_004,icbhi2017,icbhi2017::163,calibration,False,0,normal,2.724,0,0.053937808,0.2875271,0.17073245399999998,0.8292675460000001,0
icbhi2017::163_8b3_Ar_mc_AKGC417L__cycle_005,icbhi2017,icbhi2017::163,calibration,False,0,normal,3.620999999999998,0,0.06368184,0.23622495,0.149953395,0.850046605,0
icbhi2017::163_8b3_Ll_mc_AKGC417L__cycle_000,icbhi2017,icbhi2017::163,calibration,False,0,normal,3.333,0,0.88187957,0.8412394,0.8615594849999999,0.1384405150000001,1
icbhi2017::163_8b3_Ll_mc_AKGC417L__cycle_001,icbhi2017,icbhi2017::163,calibration,False,0,normal,3.0289999999999995,0,0.93692845,0.82450366,0.8807160549999999,0.11928394500000006,1
icbhi2017::163_8b3_Ll_mc_AKGC417L__cycle_002,icbhi2017,icbhi2017::163,calibration,False,0,normal,3.4850000000000003,0,0.9507224,0.93206644,0.94139442,0.058605580000000046,1
icbhi2017::163_8b3_Ll_mc_AKGC417L__cycle_003,icbhi2017,icbhi2017::163,calibration,False,0,normal,3.3339999999999996,0,0.8352146,0.8472403,0.84122745,0.15877255,1
icbhi2017::163_8b3_Ll_mc_AKGC417L__cycle_004,icbhi2017,icbhi2017::163,calibration,False,0,normal,2.724,0,0.9370936,0.87432307,0.9057083349999999,0.09429166500000008,1
icbhi2017::163_8b3_Ll_mc_AKGC417L__cycle_005,icbhi2017,icbhi2017::163,calibration,False,0,normal,3.620999999999998,0,0.88967746,0.8022976,0.84598753,0.15401246999999996,1
icbhi2017::163_8b3_Lr_mc_AKGC417L__cycle_000,icbhi2017,icbhi2017::163,calibration,False,0,normal,3.333,0,0.21379764,0.3788349,0.29631627,0.7036837300000001,0
icbhi2017::163_8b3_Lr_mc_AKGC417L__cycle_001,icbhi2017,icbhi2017::163,calibration,False,0,normal,3.0289999999999995,0,0.061199885,0.12876253,0.0949812075,0.9050187925,0
icbhi2017::163_8b3_Lr_mc_AKGC417L__cycle_002,icbhi2017,icbhi2017::163,calibration,False,0,normal,3.4850000000000003,0,0.24782519,0.35867402,0.303249605,0.696750395,0
icbhi2017::163_8b3_Lr_mc_AKGC417L__cycle_003,icbhi2017,icbhi2017::163,calibration,False,0,normal,3.3339999999999996,0,0.15339254,0.33646426,0.2449284,0.7550716,0
icbhi2017::163_8b3_Lr_mc_AKGC417L__cycle_004,icbhi2017,icbhi2017::163,calibration,False,0,normal,2.724,0,0.071193896,0.4650508,0.268122348,0.731877652,0
icbhi2017::163_8b3_Lr_mc_AKGC417L__cycle_005,icbhi2017,icbhi2017::163,calibration,False,0,normal,3.620999999999998,0,0.104627535,0.18566483,0.1451461825,0.8548538175,0
icbhi2017::163_8b3_Pl_mc_AKGC417L__cycle_000,icbhi2017,icbhi2017::163,calibration,False,0,normal,3.333,0,0.32929197,0.49890283,0.4140974,0.5859026,0
icbhi2017::163_8b3_Pl_mc_AKGC417L__cycle_001,icbhi2017,icbhi2017::163,calibration,False,0,normal,3.0289999999999995,0,0.8139808,0.6620693,0.73802505,0.26197495000000004,1
icbhi2017::163_8b3_Pl_mc_AKGC417L__cycle_002,icbhi2017,icbhi2017::163,calibration,False,0,normal,3.4850000000000003,0,0.92049193,0.90581256,0.913152245,0.08684775499999997,1
icbhi2017::163_8b3_Pl_mc_AKGC417L__cycle_003,icbhi2017,icbhi2017::163,calibration,False,0,normal,3.3339999999999996,0,0.9229692,0.78608155,0.854525375,0.14547462499999997,1
icbhi2017::163_8b3_Pl_mc_AKGC417L__cycle_004,icbhi2017,icbhi2017::163,calibration,False,0,normal,2.724,0,0.8720958,0.87017745,0.871136625,0.128863375,1
icbhi2017::163_8b3_Pl_mc_AKGC417L__cycle_005,icbhi2017,icbhi2017::163,calibration,False,0,normal,3.620999999999998,0,0.5960202,0.64017415,0.6180971749999999,0.38190282500000006,1
icbhi2017::163_8b3_Pr_mc_AKGC417L__cycle_000,icbhi2017,icbhi2017::163,calibration,False,0,normal,3.333,0,0.55676085,0.5843046,0.570532725,0.42946727500000004,1
icbhi2017::163_8b3_Pr_mc_AKGC417L__cycle_001,icbhi2017,icbhi2017::163,calibration,False,0,normal,3.0289999999999995,0,0.8240881,0.6286237,0.7263558999999999,0.27364410000000006,1
icbhi2017::163_8b3_Pr_mc_AKGC417L__cycle_002,icbhi2017,icbhi2017::163,calibration,False,0,normal,3.4850000000000003,0,0.82746315,0.8606605,0.844061825,0.15593817499999996,1
icbhi2017::163_8b3_Pr_mc_AKGC417L__cycle_003,icbhi2017,icbhi2017::163,calibration,False,0,normal,3.3339999999999996,0,0.45008376,0.79513127,0.622607515,0.377392485,1
icbhi2017::163_8b3_Pr_mc_AKGC417L__cycle_004,icbhi2017,icbhi2017::163,calibration,False,0,normal,2.724,0,0.57939976,0.7395933,0.65949653,0.34050347000000003,1
icbhi2017::163_8b3_Pr_mc_AKGC417L__cycle_005,icbhi2017,icbhi2017::163,calibration,False,0,normal,3.620999999999998,0,0.21002191,0.4684239,0.339222905,0.660777095,0
icbhi2017::192_2b1_Al_mc_LittC2SE__cycle_000,icbhi2017,icbhi2017::192,calibration,False,0,normal,0.985,0,0.101969354,0.18552439,0.143746872,0.856253128,0
icbhi2017::192_2b1_Al_mc_LittC2SE__cycle_001,icbhi2017,icbhi2017::192,calibration,False,1,wheeze,2.7,1,0.9947706,0.9843231,0.98954685,0.010453150000000022,1
icbhi2017::192_2b1_Al_mc_LittC2SE__cycle_002,icbhi2017,icbhi2017::192,calibration,False,1,wheeze,3.272,1,0.9963785,0.9504834,0.97343095,0.026569049999999983,1
icbhi2017::192_2b1_Al_mc_LittC2SE__cycle_003,icbhi2017,icbhi2017::192,calibration,False,1,wheeze,2.742,1,0.99506575,0.923754,0.959409875,0.04059012500000003,1
icbhi2017::192_2b1_Al_mc_LittC2SE__cycle_004,icbhi2017,icbhi2017::192,calibration,False,1,wheeze,2.843,1,0.9701053,0.87427396,0.92218963,0.07781037000000002,1
icbhi2017::192_2b1_Al_mc_LittC2SE__cycle_005,icbhi2017,icbhi2017::192,calibration,False,1,both,2.9290000000000003,1,0.98512,0.9278279,0.95647395,0.04352604999999998,1
icbhi2017::192_2b1_Al_mc_LittC2SE__cycle_006,icbhi2017,icbhi2017::192,calibration,False,1,wheeze,2.9000000000000004,1,0.96440256,0.7271689,0.84578573,0.15421427,1
icbhi2017::192_2b1_Al_mc_LittC2SE__cycle_007,icbhi2017,icbhi2017::192,calibration,False,1,wheeze,1.5429999999999993,1,0.99849164,0.9941916,0.9963416199999999,0.003658380000000072,1
icbhi2017::192_2b1_Ar_mc_LittC2SE__cycle_000,icbhi2017,icbhi2017::192,calibration,False,0,normal,1.042,0,0.33503252,0.35458073,0.34480662500000003,0.655193375,0
icbhi2017::192_2b1_Ar_mc_LittC2SE__cycle_001,icbhi2017,icbhi2017::192,calibration,False,1,wheeze,2.658,1,0.9919694,0.95448786,0.9732286299999999,0.026771370000000072,1
icbhi2017::192_2b1_Ar_mc_LittC2SE__cycle_002,icbhi2017,icbhi2017::192,calibration,False,1,wheeze,2.728,1,0.9900092,0.9452345,0.96762185,0.032378149999999994,1
icbhi2017::192_2b1_Ar_mc_LittC2SE__cycle_003,icbhi2017,icbhi2017::192,calibration,False,1,wheeze,2.9289999999999994,1,0.9461609,0.8220805,0.8841207,0.11587930000000002,1
icbhi2017::192_2b1_Ar_mc_LittC2SE__cycle_004,icbhi2017,icbhi2017::192,calibration,False,1,wheeze,3.157,1,0.9741009,0.9615376,0.96781925,0.03218074999999998,1
icbhi2017::192_2b1_Ar_mc_LittC2SE__cycle_005,icbhi2017,icbhi2017::192,calibration,False,1,wheeze,2.928000000000001,1,0.9626121,0.8067565,0.8846843,0.11531570000000002,1
icbhi2017::192_2b1_Ar_mc_LittC2SE__cycle_006,icbhi2017,icbhi2017::192,calibration,False,1,wheeze,3.028999999999998,1,0.98520595,0.93398255,0.95959425,0.04040575000000002,1
icbhi2017::192_2b1_Ar_mc_LittC2SE__cycle_007,icbhi2017,icbhi2017::192,calibration,False,1,wheeze,1.143000000000001,1,0.98860276,0.99302685,0.9908148050000001,0.009185194999999924,1
icbhi2017::192_2b2_Al_mc_LittC2SE__cycle_000,icbhi2017,icbhi2017::192,calibration,False,1,wheeze,2.528,1,0.43725687,0.43895274,0.43810480500000004,0.561895195,0
icbhi2017::192_2b2_Al_mc_LittC2SE__cycle_001,icbhi2017,icbhi2017::192,calibration,False,1,both,2.5149999999999997,1,0.97995454,0.8004358,0.89019517,0.10980482999999996,1
icbhi2017::192_2b2_Al_mc_LittC2SE__cycle_002,icbhi2017,icbhi2017::192,calibration,False,1,wheeze,2.9850000000000003,1,0.9795099,0.9398828,0.95969635,0.040303650000000024,1
icbhi2017::192_2b2_Al_mc_LittC2SE__cycle_003,icbhi2017,icbhi2017::192,calibration,False,1,both,2.8859999999999992,1,0.9729403,0.96039337,0.9666668350000001,0.03333316499999994,1
icbhi2017::192_2b2_Al_mc_LittC2SE__cycle_004,icbhi2017,icbhi2017::192,calibration,False,1,wheeze,2.9860000000000007,1,0.9425116,0.83097124,0.88674142,0.11325858,1
icbhi2017::192_2b2_Al_mc_LittC2SE__cycle_005,icbhi2017,icbhi2017::192,calibration,False,1,wheeze,2.9140000000000015,1,0.98468506,0.9030387,0.94386188,0.05613811999999996,1
icbhi2017::192_2b2_Al_mc_LittC2SE__cycle_006,icbhi2017,icbhi2017::192,calibration,False,1,wheeze,2.799999999999997,1,0.99336547,0.9298924,0.961628935,0.03837106499999998,1
icbhi2017::192_2b2_Al_mc_LittC2SE__cycle_007,icbhi2017,icbhi2017::192,calibration,False,1,wheeze,0.314,1,0.62731194,0.81890965,0.723110795,0.276889205,1
icbhi2017::192_2b2_Ar_mc_LittC2SE__cycle_000,icbhi2017,icbhi2017::192,calibration,False,0,normal,1.972,0,0.9249122,0.7688037,0.84685795,0.15314205000000003,1
icbhi2017::192_2b2_Ar_mc_LittC2SE__cycle_001,icbhi2017,icbhi2017::192,calibration,False,1,wheeze,2.9280000000000004,1,0.9410255,0.9438976,0.94246155,0.05753845000000002,1
icbhi2017::192_2b2_Ar_mc_LittC2SE__cycle_002,icbhi2017,icbhi2017::192,calibration,False,1,wheeze,3.1710000000000003,1,0.9706595,0.9428979,0.9567787,0.04322130000000002,1
icbhi2017::192_2b2_Ar_mc_LittC2SE__cycle_003,icbhi2017,icbhi2017::192,calibration,False,1,wheeze,3.1579999999999995,1,0.9691233,0.9707007,0.969912,0.030088000000000004,1
icbhi2017::192_2b2_Ar_mc_LittC2SE__cycle_004,icbhi2017,icbhi2017::192,calibration,False,1,wheeze,2.785,1,0.97522753,0.92612576,0.9506766449999999,0.04932335500000007,1
icbhi2017::192_2b2_Ar_mc_LittC2SE__cycle_005,icbhi2017,icbhi2017::192,calibration,False,1,wheeze,2.8290000000000006,1,0.96866345,0.95621693,0.9624401899999999,0.03755981000000008,1
icbhi2017::192_2b2_Ar_mc_LittC2SE__cycle_006,icbhi2017,icbhi2017::192,calibration,False,1,wheeze,2.785999999999998,1,0.8634131,0.92986345,0.896638275,0.10336172499999996,1
icbhi2017::192_2b2_Ar_mc_LittC2SE__cycle_007,icbhi2017,icbhi2017::192,calibration,False,1,wheeze,0.3000000000000007,1,0.8871381,0.8573362,0.87223715,0.12776284999999998,1
icbhi2017::192_2b3_Al_mc_LittC2SE__cycle_000,icbhi2017,icbhi2017::192,calibration,False,1,crackle,2.414,1,0.3306191,0.6856334,0.50812625,0.49187375,1
icbhi2017::192_2b3_Al_mc_LittC2SE__cycle_001,icbhi2017,icbhi2017::192,calibration,False,1,wheeze,3.1710000000000003,1,0.98735505,0.9434893,0.965422175,0.03457782499999995,1
icbhi2017::192_2b3_Al_mc_LittC2SE__cycle_002,icbhi2017,icbhi2017::192,calibration,False,1,wheeze,3.4000000000000004,1,0.99149805,0.9616623,0.976580175,0.02341982499999995,1
icbhi2017::192_2b3_Al_mc_LittC2SE__cycle_003,icbhi2017,icbhi2017::192,calibration,False,1,wheeze,2.9429999999999996,1,0.9500186,0.8030288,0.8765237,0.12347629999999998,1
icbhi2017::192_2b3_Al_mc_LittC2SE__cycle_004,icbhi2017,icbhi2017::192,calibration,False,1,wheeze,3.343,1,0.97922254,0.8009194,0.89007097,0.10992902999999998,1
icbhi2017::192_2b3_Al_mc_LittC2SE__cycle_005,icbhi2017,icbhi2017::192,calibration,False,1,wheeze,2.799999999999999,1,0.98851645,0.91891867,0.9537175600000001,0.046282439999999925,1
icbhi2017::192_2b3_Al_mc_LittC2SE__cycle_006,icbhi2017,icbhi2017::192,calibration,False,1,wheeze,1.7570000000000014,1,0.98879355,0.94711214,0.967952845,0.032047154999999994,1
icbhi2017::192_2b3_Ar_mc_LittC2SE__cycle_000,icbhi2017,icbhi2017::192,calibration,False,0,normal,2.443,0,0.28147686,0.42729864,0.35438775,0.64561225,0
icbhi2017::192_2b3_Ar_mc_LittC2SE__cycle_001,icbhi2017,icbhi2017::192,calibration,False,1,wheeze,3.1570000000000005,1,0.9749956,0.90002924,0.93751242,0.06248757999999999,1
icbhi2017::192_2b3_Ar_mc_LittC2SE__cycle_002,icbhi2017,icbhi2017::192,calibration,False,1,wheeze,3.2569999999999997,1,0.9812525,0.96614134,0.97369692,0.026303080000000034,1
icbhi2017::192_2b3_Ar_mc_LittC2SE__cycle_003,icbhi2017,icbhi2017::192,calibration,False,1,wheeze,3.2140000000000004,1,0.96931654,0.88391054,0.92661354,0.07338646000000004,1
icbhi2017::192_2b3_Ar_mc_LittC2SE__cycle_004,icbhi2017,icbhi2017::192,calibration,False,1,wheeze,3.115,1,0.92693216,0.9576932,0.94231268,0.057687319999999986,1
icbhi2017::192_2b3_Ar_mc_LittC2SE__cycle_005,icbhi2017,icbhi2017::192,calibration,False,1,wheeze,2.9570000000000007,1,0.9907883,0.95672065,0.973754475,0.026245524999999992,1
icbhi2017::192_2b3_Ar_mc_LittC2SE__cycle_006,icbhi2017,icbhi2017::192,calibration,False,1,wheeze,1.686,1,0.99027693,0.97840387,0.9843404,0.015659599999999996,1
icbhi2017::197_1b1_Al_sc_Meditron__cycle_000,icbhi2017,icbhi2017::197,calibration,False,0,normal,7.157,0,0.11977273,0.12850007,0.1241364,0.8758636,0
icbhi2017::197_1b1_Al_sc_Meditron__cycle_001,icbhi2017,icbhi2017::197,calibration,False,0,normal,5.785,0,0.3324584,0.35470632,0.34358236,0.65641764,0
icbhi2017::197_1b1_Al_sc_Meditron__cycle_002,icbhi2017,icbhi2017::197,calibration,False,0,normal,6.999999999999998,0,0.28892723,0.37802184,0.333474535,0.666525465,0
icbhi2017::197_1b1_Tc_sc_Meditron__cycle_000,icbhi2017,icbhi2017::197,calibration,False,0,normal,4.9990000000000006,0,0.052529104,0.07644468,0.064486892,0.935513108,0
icbhi2017::197_1b1_Tc_sc_Meditron__cycle_001,icbhi2017,icbhi2017::197,calibration,False,1,crackle,4.515,1,0.046904836,0.057708245,0.0523065405,0.9476934595,0
icbhi2017::197_1b1_Tc_sc_Meditron__cycle_002,icbhi2017,icbhi2017::197,calibration,False,0,normal,3.943,0,0.10810215,0.094379075,0.1012406125,0.8987593875,0
icbhi2017::197_1b1_Tc_sc_Meditron__cycle_003,icbhi2017,icbhi2017::197,calibration,False,0,normal,3.757,0,0.23754424,0.105696924,0.171620582,0.828379418,0
icbhi2017::197_1b1_Tc_sc_Meditron__cycle_004,icbhi2017,icbhi2017::197,calibration,False,1,wheeze,2.3569999999999993,1,0.16650261,0.11369704,0.140099825,0.8599001749999999,0
icbhi2017::204_2b5_Al_mc_AKGC417L__cycle_000,icbhi2017,icbhi2017::204,calibration,False,0,normal,0.762,0,0.68703485,0.7360993,0.711567075,0.28843292499999995,1
icbhi2017::204_2b5_Al_mc_AKGC417L__cycle_001,icbhi2017,icbhi2017::204,calibration,False,1,wheeze,3.5709999999999997,1,0.9617971,0.9248273,0.9433122,0.056687799999999955,1
icbhi2017::204_2b5_Al_mc_AKGC417L__cycle_002,icbhi2017,icbhi2017::204,calibration,False,1,wheeze,3.3099999999999996,1,0.9933524,0.9820743,0.9877133499999999,0.012286650000000066,1
icbhi2017::204_2b5_Al_mc_AKGC417L__cycle_003,icbhi2017,icbhi2017::204,calibration,False,1,wheeze,3.761,1,0.9773548,0.9223717,0.9498632499999999,0.05013675000000006,1
icbhi2017::204_2b5_Al_mc_AKGC417L__cycle_004,icbhi2017,icbhi2017::204,calibration,False,0,normal,4.155000000000001,0,0.98165727,0.92938054,0.955518905,0.04448109499999997,1
icbhi2017::204_2b5_Al_mc_AKGC417L__cycle_005,icbhi2017,icbhi2017::204,calibration,False,1,wheeze,2.892999999999999,1,0.9884035,0.973704,0.9810537500000001,0.018946249999999942,1
icbhi2017::204_2b5_Al_mc_AKGC417L__cycle_006,icbhi2017,icbhi2017::204,calibration,False,0,normal,1.5,0,0.57297903,0.41119933,0.49208917999999996,0.50791082,0
icbhi2017::204_2b5_Ar_mc_AKGC417L__cycle_000,icbhi2017,icbhi2017::204,calibration,False,0,normal,0.7739999999999999,0,0.23550482,0.44393122,0.33971802,0.6602819799999999,0
icbhi2017::204_2b5_Ar_mc_AKGC417L__cycle_001,icbhi2017,icbhi2017::204,calibration,False,1,wheeze,3.4400000000000004,1,0.80940104,0.5416188,0.67550992,0.32449008,1
icbhi2017::204_2b5_Ar_mc_AKGC417L__cycle_002,icbhi2017,icbhi2017::204,calibration,False,1,wheeze,3.5,1,0.718905,0.66066235,0.6897836749999999,0.31021632500000007,1
icbhi2017::204_2b5_Ar_mc_AKGC417L__cycle_003,icbhi2017,icbhi2017::204,calibration,False,0,normal,3.892999999999999,0,0.8342326,0.92558974,0.87991117,0.12008883000000004,1
icbhi2017::204_2b5_Ar_mc_AKGC417L__cycle_004,icbhi2017,icbhi2017::204,calibration,False,0,normal,3.916,0,0.6550639,0.84282476,0.74894433,0.25105566999999995,1
icbhi2017::204_2b5_Ar_mc_AKGC417L__cycle_005,icbhi2017,icbhi2017::204,calibration,False,0,normal,2.953000000000001,0,0.70631295,0.57936513,0.64283904,0.35716095999999997,1
icbhi2017::204_2b5_Ar_mc_AKGC417L__cycle_006,icbhi2017,icbhi2017::204,calibration,False,0,normal,1.4639999999999986,0,0.54392487,0.4230519,0.483488385,0.516511615,0
icbhi2017::204_2b5_Ll_mc_AKGC417L__cycle_000,icbhi2017,icbhi2017::204,calibration,False,0,normal,0.881,0,0.70269877,0.7804996,0.741599185,0.258400815,1
icbhi2017::204_2b5_Ll_mc_AKGC417L__cycle_001,icbhi2017,icbhi2017::204,calibration,False,0,normal,3.607,0,0.99086714,0.936993,0.96393007,0.03606993000000003,1
icbhi2017::204_2b5_Ll_mc_AKGC417L__cycle_002,icbhi2017,icbhi2017::204,calibration,False,0,normal,3.476,0,0.9822306,0.9672394,0.9747349999999999,0.025265000000000093,1
icbhi2017::204_2b5_Ll_mc_AKGC417L__cycle_003,icbhi2017,icbhi2017::204,calibration,False,0,normal,3.810000000000001,0,0.9935823,0.9857443,0.9896633,0.010336699999999976,1
icbhi2017::204_2b5_Ll_mc_AKGC417L__cycle_004,icbhi2017,icbhi2017::204,calibration,False,0,normal,3.833,0,0.991569,0.92633265,0.9589508250000001,0.04104917499999994,1
icbhi2017::204_2b5_Ll_mc_AKGC417L__cycle_005,icbhi2017,icbhi2017::204,calibration,False,0,normal,3.8930000000000007,0,0.98910797,0.930106,0.959606985,0.04039301500000003,1
icbhi2017::204_2b5_Ll_mc_AKGC417L__cycle_006,icbhi2017,icbhi2017::204,calibration,False,0,normal,0.4519999999999982,0,0.59882915,0.3869937,0.492911425,0.507088575,0
icbhi2017::204_7p5_Al_mc_AKGC417L__cycle_000,icbhi2017,icbhi2017::204,calibration,False,0,normal,2.798,0,0.2280834,0.73140645,0.479744925,0.520255075,0
icbhi2017::204_7p5_Al_mc_AKGC417L__cycle_001,icbhi2017,icbhi2017::204,calibration,False,0,normal,2.952,0,0.28472346,0.72300154,0.5038625,0.4961375,1
icbhi2017::204_7p5_Al_mc_AKGC417L__cycle_002,icbhi2017,icbhi2017::204,calibration,False,0,normal,3.1910000000000007,0,0.3029945,0.5549827,0.42898860000000005,0.5710114,0
icbhi2017::204_7p5_Al_mc_AKGC417L__cycle_003,icbhi2017,icbhi2017::204,calibration,False,0,normal,2.963999999999998,0,0.4333956,0.36980382,0.40159971,0.5984002900000001,0
icbhi2017::204_7p5_Al_mc_AKGC417L__cycle_004,icbhi2017,icbhi2017::204,calibration,False,0,normal,3.0600000000000005,0,0.33510587,0.48573637,0.41042112,0.58957888,0
icbhi2017::204_7p5_Al_mc_AKGC417L__cycle_005,icbhi2017,icbhi2017::204,calibration,False,0,normal,3.1309999999999985,0,0.3756662,0.56034374,0.46800496999999996,0.53199503,0
icbhi2017::204_7p5_Al_mc_AKGC417L__cycle_006,icbhi2017,icbhi2017::204,calibration,False,0,normal,1.785,0,0.18330729,0.4119458,0.29762654499999996,0.702373455,0
icbhi2017::204_7p5_Ar_mc_AKGC417L__cycle_000,icbhi2017,icbhi2017::204,calibration,False,0,normal,2.702,0,0.12872843,0.5540958,0.341412115,0.658587885,0
icbhi2017::204_7p5_Ar_mc_AKGC417L__cycle_001,icbhi2017,icbhi2017::204,calibration,False,0,normal,3.048,0,0.22167523,0.24757583,0.23462553,0.76537447,0
icbhi2017::204_7p5_Ar_mc_AKGC417L__cycle_002,icbhi2017,icbhi2017::204,calibration,False,0,normal,3.0829999999999993,0,0.46028194,0.27568537,0.36798365499999997,0.632016345,0
icbhi2017::204_7p5_Ar_mc_AKGC417L__cycle_003,icbhi2017,icbhi2017::204,calibration,False,0,normal,2.976000000000001,0,0.18586235,0.20605883,0.19596059,0.80403941,0
icbhi2017::204_7p5_Ar_mc_AKGC417L__cycle_004,icbhi2017,icbhi2017::204,calibration,False,0,normal,3.1430000000000007,0,0.21530591,0.22535819,0.22033205,0.77966795,0
icbhi2017::204_7p5_Ar_mc_AKGC417L__cycle_005,icbhi2017,icbhi2017::204,calibration,False,0,normal,3.035999999999998,0,0.27631527,0.2057877,0.241051485,0.7589485149999999,0
icbhi2017::204_7p5_Ar_mc_AKGC417L__cycle_006,icbhi2017,icbhi2017::204,calibration,False,0,normal,1.904,0,0.52298665,0.52551216,0.524249405,0.47575059500000005,1
icbhi2017::204_7p5_Ll_mc_AKGC417L__cycle_000,icbhi2017,icbhi2017::204,calibration,False,0,normal,2.846,0,0.5414289,0.4237347,0.4825818,0.5174182,0
icbhi2017::204_7p5_Ll_mc_AKGC417L__cycle_001,icbhi2017,icbhi2017::204,calibration,False,0,normal,2.952,0,0.56740725,0.23583765,0.40162245,0.5983775499999999,0
icbhi2017::204_7p5_Ll_mc_AKGC417L__cycle_002,icbhi2017,icbhi2017::204,calibration,False,0,normal,3.0359999999999996,0,0.46103856,0.17317027,0.317104415,0.682895585,0
icbhi2017::204_7p5_Ll_mc_AKGC417L__cycle_003,icbhi2017,icbhi2017::204,calibration,False,0,normal,3.202,0,0.57052106,0.39938772,0.48495439,0.51504561,0
icbhi2017::204_7p5_Ll_mc_AKGC417L__cycle_004,icbhi2017,icbhi2017::204,calibration,False,0,normal,3.072000000000001,0,0.738163,0.24315727,0.490660135,0.5093398650000001,0
icbhi2017::204_7p5_Ll_mc_AKGC417L__cycle_005,icbhi2017,icbhi2017::204,calibration,False,0,normal,3.022999999999998,0,0.6436724,0.19126447,0.417468435,0.582531565,0
icbhi2017::204_7p5_Ll_mc_AKGC417L__cycle_006,icbhi2017,icbhi2017::204,calibration,False,0,normal,1.738000000000003,0,0.7619382,0.32748064,0.54470942,0.45529058,1
icbhi2017::204_7p5_Lr_mc_AKGC417L__cycle_000,icbhi2017,icbhi2017::204,calibration,False,0,normal,2.738,0,0.7757471,0.21429797,0.49502253500000004,0.504977465,0
icbhi2017::204_7p5_Lr_mc_AKGC417L__cycle_001,icbhi2017,icbhi2017::204,calibration,False,0,normal,3.071,0,0.4679706,0.0675929,0.26778175,0.7322182500000001,0
icbhi2017::204_7p5_Lr_mc_AKGC417L__cycle_002,icbhi2017,icbhi2017::204,calibration,False,0,normal,3.048,0,0.31401354,0.059960395,0.1869869675,0.8130130325,0
icbhi2017::204_7p5_Lr_mc_AKGC417L__cycle_003,icbhi2017,icbhi2017::204,calibration,False,0,normal,3.0950000000000006,0,0.24073455,0.05196451,0.14634953,0.85365047,0
icbhi2017::204_7p5_Lr_mc_AKGC417L__cycle_004,icbhi2017,icbhi2017::204,calibration,False,0,normal,3.0589999999999993,0,0.24572526,0.072050594,0.15888792699999998,0.841112073,0
icbhi2017::204_7p5_Lr_mc_AKGC417L__cycle_005,icbhi2017,icbhi2017::204,calibration,False,0,normal,3.0840000000000014,0,0.37844637,0.05830495,0.21837566,0.78162434,0
icbhi2017::204_7p5_Lr_mc_AKGC417L__cycle_006,icbhi2017,icbhi2017::204,calibration,False,0,normal,1.796999999999997,0,0.59796333,0.18241075,0.39018704000000004,0.60981296,0
icbhi2017::204_7p5_Pr_mc_AKGC417L__cycle_000,icbhi2017,icbhi2017::204,calibration,False,0,normal,2.905,0,0.3803734,0.62442863,0.502401015,0.497598985,1
icbhi2017::204_7p5_Pr_mc_AKGC417L__cycle_001,icbhi2017,icbhi2017::204,calibration,False,0,normal,2.881,0,0.5219328,0.1574059,0.33966935,0.66033065,0
icbhi2017::204_7p5_Pr_mc_AKGC417L__cycle_002,icbhi2017,icbhi2017::204,calibration,False,0,normal,3.249999999999999,0,0.6421851,0.34929043,0.495737765,0.504262235,0
icbhi2017::204_7p5_Pr_mc_AKGC417L__cycle_003,icbhi2017,icbhi2017::204,calibration,False,0,normal,3.119,0,0.5048908,0.42650777,0.465699285,0.534300715,0
icbhi2017::204_7p5_Pr_mc_AKGC417L__cycle_004,icbhi2017,icbhi2017::204,calibration,False,0,normal,2.881,0,0.5260076,0.58314,0.5545738,0.4454262,1
icbhi2017::204_7p5_Pr_mc_AKGC417L__cycle_005,icbhi2017,icbhi2017::204,calibration,False,0,normal,3.190999999999999,0,0.3314157,0.58034956,0.45588263,0.5441173699999999,0
icbhi2017::204_7p5_Pr_mc_AKGC417L__cycle_006,icbhi2017,icbhi2017::204,calibration,False,0,normal,1.654,0,0.5962654,0.703809,0.6500372,0.3499628,1
icbhi2017::204_7p5_Tc_mc_AKGC417L__cycle_000,icbhi2017,icbhi2017::204,calibration,False,0,normal,2.941,0,0.14966467,0.30542105,0.22754286,0.77245714,0
icbhi2017::204_7p5_Tc_mc_AKGC417L__cycle_001,icbhi2017,icbhi2017::204,calibration,False,0,normal,2.7380000000000004,0,0.09381512,0.14880389,0.121309505,0.878690495,0
icbhi2017::204_7p5_Tc_mc_AKGC417L__cycle_002,icbhi2017,icbhi2017::204,calibration,False,0,normal,3.202,0,0.30140436,0.4855107,0.39345753,0.60654247,0
icbhi2017::204_7p5_Tc_mc_AKGC417L__cycle_003,icbhi2017,icbhi2017::204,calibration,False,0,normal,3.0,0,0.1176184,0.08146123,0.099539815,0.900460185,0
icbhi2017::204_7p5_Tc_mc_AKGC417L__cycle_004,icbhi2017,icbhi2017::204,calibration,False,0,normal,2.9879999999999995,0,0.21099682,0.15895191,0.184974365,0.815025635,0
icbhi2017::204_7p5_Tc_mc_AKGC417L__cycle_005,icbhi2017,icbhi2017::204,calibration,False,0,normal,3.238999999999999,0,0.20647363,0.26123354,0.23385358499999997,0.766146415,0
icbhi2017::204_7p5_Tc_mc_AKGC417L__cycle_006,icbhi2017,icbhi2017::204,calibration,False,0,normal,1.7729999999999997,0,0.33112645,0.2692372,0.300181825,0.699818175,0
icbhi2017::222_1b1_Ar_sc_Meditron__cycle_000,icbhi2017,icbhi2017::222,calibration,False,0,normal,5.4518,0,0.35605446,0.24999021,0.303022335,0.696977665,0
icbhi2017::222_1b1_Ar_sc_Meditron__cycle_001,icbhi2017,icbhi2017::222,calibration,False,0,normal,4.743,0,0.021605644,0.23818485,0.129895247,0.870104753,0
icbhi2017::222_1b1_Ar_sc_Meditron__cycle_002,icbhi2017,icbhi2017::222,calibration,False,0,normal,5.908000000000001,0,0.015058514,0.07898917,0.047023841999999996,0.952976158,0
icbhi2017::222_1b1_Ar_sc_Meditron__cycle_003,icbhi2017,icbhi2017::222,calibration,False,0,normal,6.027999999999999,0,0.02463981,0.1688075,0.096723655,0.903276345,0
icbhi2017::222_1b1_Ar_sc_Meditron__cycle_004,icbhi2017,icbhi2017::222,calibration,False,0,normal,9.438000000000002,0,0.03845462,0.138464,0.08845931,0.91154069,0
icbhi2017::222_1b1_Ar_sc_Meditron__cycle_005,icbhi2017,icbhi2017::222,calibration,False,0,normal,8.25,0,0.050845657,0.13955761,0.0952016335,0.9047983665,0
icbhi2017::222_1b1_Ar_sc_Meditron__cycle_006,icbhi2017,icbhi2017::222,calibration,False,0,normal,8.068999999999996,0,0.01655445,0.15365808,0.085106265,0.914893735,0
icbhi2017::222_1b1_Ar_sc_Meditron__cycle_007,icbhi2017,icbhi2017::222,calibration,False,0,normal,8.178000000000004,0,0.07832336,0.28585547,0.182089415,0.817910585,0
icbhi2017::222_1b1_Ar_sc_Meditron__cycle_008,icbhi2017,icbhi2017::222,calibration,False,0,normal,8.140999999999998,0,0.08933942,0.24275559,0.16604750499999998,0.833952495,0
icbhi2017::222_1b1_Ar_sc_Meditron__cycle_009,icbhi2017,icbhi2017::222,calibration,False,0,normal,2.426000000000002,0,0.011188244,0.19062974,0.100908992,0.899091008,0
icbhi2017::222_1b1_Lr_sc_Meditron__cycle_000,icbhi2017,icbhi2017::222,calibration,False,1,crackle,2.6267,1,0.7950798,0.46694538,0.63101259,0.36898741,1
icbhi2017::222_1b1_Lr_sc_Meditron__cycle_001,icbhi2017,icbhi2017::222,calibration,False,0,normal,2.9853000000000005,0,0.031007636,0.048277494,0.039642565,0.960357435,0
icbhi2017::222_1b1_Lr_sc_Meditron__cycle_002,icbhi2017,icbhi2017::222,calibration,False,1,crackle,3.1422999999999988,1,0.85246426,0.27883413,0.565649195,0.434350805,1
icbhi2017::222_1b1_Lr_sc_Meditron__cycle_003,icbhi2017,icbhi2017::222,calibration,False,0,normal,1.904,0,0.08556285,0.08317651,0.08436968,0.91563032,0
icbhi2017::222_1b1_Lr_sc_Meditron__cycle_004,icbhi2017,icbhi2017::222,calibration,False,0,normal,1.843,0,0.01947131,0.030169519,0.0248204145,0.9751795855000001,0
icbhi2017::222_1b1_Lr_sc_Meditron__cycle_005,icbhi2017,icbhi2017::222,calibration,False,1,crackle,3.327,1,0.5159159,0.24350035,0.379708125,0.6202918749999999,0
icbhi2017::222_1b1_Lr_sc_Meditron__cycle_006,icbhi2017,icbhi2017::222,calibration,False,0,normal,2.3180000000000014,0,0.051788833,0.07318283,0.062485831500000005,0.9375141685,0
icbhi2017::222_1b1_Lr_sc_Meditron__cycle_007,icbhi2017,icbhi2017::222,calibration,False,1,crackle,3.064,1,0.78827053,0.4033093,0.595789915,0.404210085,1
icbhi2017::222_1b1_Lr_sc_Meditron__cycle_008,icbhi2017,icbhi2017::222,calibration,False,0,normal,2.088999999999998,0,0.029311446,0.059405144,0.044358295,0.955641705,0
icbhi2017::222_1b1_Lr_sc_Meditron__cycle_009,icbhi2017,icbhi2017::222,calibration,False,1,crackle,3.5169999999999995,1,0.30765525,0.1283244,0.217989825,0.782010175,0
icbhi2017::222_1b1_Lr_sc_Meditron__cycle_010,icbhi2017,icbhi2017::222,calibration,False,1,crackle,3.9209999999999994,1,0.105404265,0.13016522,0.1177847425,0.8822152575,0
icbhi2017::222_1b1_Lr_sc_Meditron__cycle_011,icbhi2017,icbhi2017::222,calibration,False,1,crackle,2.4980000000000047,1,0.27294758,0.16457032,0.21875895,0.78124105,0
icbhi2017::222_1b1_Lr_sc_Meditron__cycle_012,icbhi2017,icbhi2017::222,calibration,False,1,crackle,3.747,1,0.10591884,0.18505272,0.14548578,0.85451422,0
icbhi2017::222_1b1_Lr_sc_Meditron__cycle_013,icbhi2017,icbhi2017::222,calibration,False,1,crackle,3.8359999999999985,1,0.1334751,0.16537285,0.149423975,0.8505760250000001,0
icbhi2017::222_1b1_Lr_sc_Meditron__cycle_014,icbhi2017,icbhi2017::222,calibration,False,1,crackle,4.256999999999998,1,0.5063899,0.1555208,0.33095535,0.66904465,0
icbhi2017::222_1b1_Lr_sc_Meditron__cycle_015,icbhi2017,icbhi2017::222,calibration,False,1,crackle,4.463999999999999,1,0.45709303,0.27351463,0.36530383,0.63469617,0
icbhi2017::222_1b1_Lr_sc_Meditron__cycle_016,icbhi2017,icbhi2017::222,calibration,False,1,crackle,4.6200000000000045,1,0.1251906,0.09243874,0.10881467,0.89118533,0
icbhi2017::222_1b1_Lr_sc_Meditron__cycle_017,icbhi2017,icbhi2017::222,calibration,False,0,normal,3.960000000000001,0,0.20698129,0.0817183,0.144349795,0.855650205,0
icbhi2017::222_1b1_Lr_sc_Meditron__cycle_018,icbhi2017,icbhi2017::222,calibration,False,1,crackle,4.850999999999992,1,0.30553785,0.20426077,0.25489931,0.74510069,0
icbhi2017::222_1b1_Lr_sc_Meditron__cycle_019,icbhi2017,icbhi2017::222,calibration,False,0,normal,3.332000000000008,0,0.62192357,0.13948852,0.380706045,0.6192939550000001,0
icbhi2017::222_1b1_Pr_sc_Meditron__cycle_000,icbhi2017,icbhi2017::222,calibration,False,0,normal,5.14633,0,0.02357981,0.16309325,0.09333653,0.90666347,0
icbhi2017::222_1b1_Pr_sc_Meditron__cycle_001,icbhi2017,icbhi2017::222,calibration,False,0,normal,4.270900000000001,0,0.019010203,0.2083875,0.1136988515,0.8863011485,0
icbhi2017::222_1b1_Pr_sc_Meditron__cycle_002,icbhi2017,icbhi2017::222,calibration,False,0,normal,7.2758,0,0.022284659,0.17263983,0.09746224449999999,0.9025377555,0
icbhi2017::222_1b1_Pr_sc_Meditron__cycle_003,icbhi2017,icbhi2017::222,calibration,False,0,normal,5.442,0,0.078793235,0.38187,0.2303316175,0.7696683825,0
icbhi2017::222_1b1_Pr_sc_Meditron__cycle_004,icbhi2017,icbhi2017::222,calibration,False,0,normal,5.045999999999999,0,0.027496597,0.1777982,0.1026473985,0.8973526015,0
icbhi2017::222_1b1_Pr_sc_Meditron__cycle_005,icbhi2017,icbhi2017::222,calibration,False,0,normal,4.111000000000001,0,0.0145710865,0.15693448,0.08575278324999999,0.91424721675,0
icbhi2017::222_1b1_Pr_sc_Meditron__cycle_006,icbhi2017,icbhi2017::222,calibration,False,0,normal,8.690000000000001,0,0.022786347,0.16839541,0.0955908785,0.9044091215,0
icbhi2017::222_1b1_Pr_sc_Meditron__cycle_007,icbhi2017,icbhi2017::222,calibration,False,1,wheeze,7.3459999999999965,1,0.05270224,0.6485851,0.35064367,0.64935633,0
icbhi2017::222_1b1_Pr_sc_Meditron__cycle_008,icbhi2017,icbhi2017::222,calibration,False,1,wheeze,6.939,1,0.60309553,0.52927107,0.5661833000000001,0.43381669999999994,1
icbhi2017::222_1b1_Pr_sc_Meditron__cycle_009,icbhi2017,icbhi2017::222,calibration,False,1,wheeze,3.3659999999999997,1,0.12518828,0.38775784,0.25647306000000003,0.74352694,0
icbhi2017::222_1b1_Pr_sc_Meditron__cycle_010,icbhi2017,icbhi2017::222,calibration,False,1,wheeze,2.727000000000004,1,0.08153142,0.079055995,0.0802937075,0.9197062925,0
icbhi2017::222_1b1_Pr_sc_Meditron__cycle_011,icbhi2017,icbhi2017::222,calibration,False,1,wheeze,3.4540000000000006,1,0.83862287,0.73730135,0.78796211,0.21203788999999995,1
icbhi2017::222_1b1_Pr_sc_Meditron__cycle_012,icbhi2017,icbhi2017::222,calibration,False,1,wheeze,3.3659999999999997,1,0.7542982,0.7403727,0.74733545,0.25266455,1
icbhi2017::222_1b1_Pr_sc_Meditron__cycle_013,icbhi2017,icbhi2017::222,calibration,False,1,wheeze,4.9339999999999975,1,0.87610674,0.6650987,0.7706027200000001,0.22939727999999993,1
icbhi2017::222_1b1_Pr_sc_Meditron__cycle_014,icbhi2017,icbhi2017::222,calibration,False,1,wheeze,1.093999999999994,1,0.5930611,0.70870167,0.6508813849999999,0.3491186150000001,1
icbhi2017::226_1b1_Al_sc_Meditron__cycle_000,icbhi2017,icbhi2017::226,calibration,False,0,normal,0.957,0,0.11405482,0.237963,0.17600891000000002,0.82399109,0
icbhi2017::226_1b1_Al_sc_Meditron__cycle_001,icbhi2017,icbhi2017::226,calibration,False,0,normal,1.885,0,0.10044811,0.09091576,0.095681935,0.904318065,0
icbhi2017::226_1b1_Al_sc_Meditron__cycle_002,icbhi2017,icbhi2017::226,calibration,False,1,crackle,2.0570000000000004,1,0.044505104,0.06804446,0.056274781999999995,0.943725218,0
icbhi2017::226_1b1_Al_sc_Meditron__cycle_003,icbhi2017,icbhi2017::226,calibration,False,1,crackle,2.258,1,0.08583226,0.030429741,0.058131000499999995,0.9418689995,0
icbhi2017::226_1b1_Al_sc_Meditron__cycle_004,icbhi2017,icbhi2017::226,calibration,False,0,normal,2.157,0,0.025157422,0.032293346,0.028725384,0.971274616,0
icbhi2017::226_1b1_Al_sc_Meditron__cycle_005,icbhi2017,icbhi2017::226,calibration,False,0,normal,2.0570000000000004,0,0.1046089,0.070708275,0.0876585875,0.9123414125,0
icbhi2017::226_1b1_Al_sc_Meditron__cycle_006,icbhi2017,icbhi2017::226,calibration,False,0,normal,2.142999999999999,0,0.05759005,0.06318551,0.06038778,0.93961222,0
icbhi2017::226_1b1_Al_sc_Meditron__cycle_007,icbhi2017,icbhi2017::226,calibration,False,0,normal,2.3710000000000004,0,0.022227814,0.036227517,0.0292276655,0.9707723345,0
icbhi2017::226_1b1_Al_sc_Meditron__cycle_008,icbhi2017,icbhi2017::226,calibration,False,0,normal,2.3999999999999986,0,0.039225187,0.071357355,0.055291271,0.944708729,0
icbhi2017::226_1b1_Al_sc_Meditron__cycle_009,icbhi2017,icbhi2017::226,calibration,False,0,normal,1.657,0,0.030376868,0.042826418,0.036601643,0.963398357,0
icbhi2017::226_1b1_Ll_sc_Meditron__cycle_000,icbhi2017,icbhi2017::226,calibration,False,0,normal,2.0999999999999996,0,0.04856487,0.03893947,0.04375217,0.95624783,0
icbhi2017::226_1b1_Ll_sc_Meditron__cycle_001,icbhi2017,icbhi2017::226,calibration,False,1,crackle,1.857,1,0.093434535,0.14488104,0.1191577875,0.8808422124999999,0
icbhi2017::226_1b1_Ll_sc_Meditron__cycle_002,icbhi2017,icbhi2017::226,calibration,False,1,crackle,1.8289999999999995,1,0.0845045,0.10894186,0.09672317999999999,0.90327682,0
icbhi2017::226_1b1_Ll_sc_Meditron__cycle_003,icbhi2017,icbhi2017::226,calibration,False,1,crackle,1.957,1,0.047865093,0.036813993,0.042339543,0.957660457,0
icbhi2017::226_1b1_Ll_sc_Meditron__cycle_004,icbhi2017,icbhi2017::226,calibration,False,0,normal,2.014000000000001,0,0.040761452,0.046088725,0.0434250885,0.9565749115,0
icbhi2017::226_1b1_Ll_sc_Meditron__cycle_005,icbhi2017,icbhi2017::226,calibration,False,1,crackle,1.9149999999999991,1,0.018046241,0.04999153,0.0340188855,0.9659811145,0
icbhi2017::226_1b1_Ll_sc_Meditron__cycle_006,icbhi2017,icbhi2017::226,calibration,False,1,crackle,1.971,1,0.029548462,0.03659198,0.033070221000000004,0.966929779,0
icbhi2017::226_1b1_Ll_sc_Meditron__cycle_007,icbhi2017,icbhi2017::226,calibration,False,1,crackle,2.1999999999999993,1,0.025135608,0.087441474,0.056288541000000004,0.943711459,0
icbhi2017::226_1b1_Ll_sc_Meditron__cycle_008,icbhi2017,icbhi2017::226,calibration,False,0,normal,2.0139999999999993,0,0.030135106,0.045412924,0.037774015,0.962225985,0
icbhi2017::226_1b1_Ll_sc_Meditron__cycle_009,icbhi2017,icbhi2017::226,calibration,False,0,normal,1.9860000000000009,0,0.02117426,0.063621454,0.042397857,0.957602143,0
icbhi2017::226_1b1_Pl_sc_LittC2SE__cycle_000,icbhi2017,icbhi2017::226,calibration,False,0,normal,1.171,0,0.30050346,0.4102106,0.35535702999999996,0.64464297,0
icbhi2017::226_1b1_Pl_sc_LittC2SE__cycle_001,icbhi2017,icbhi2017::226,calibration,False,0,normal,2.343,0,0.016809573,0.028824057,0.022816815,0.977183185,0
icbhi2017::226_1b1_Pl_sc_LittC2SE__cycle_002,icbhi2017,icbhi2017::226,calibration,False,1,crackle,2.2,1,0.030199884,0.07487741,0.052538647,0.947461353,0
icbhi2017::226_1b1_Pl_sc_LittC2SE__cycle_003,icbhi2017,icbhi2017::226,calibration,False,1,crackle,2.1289999999999996,1,0.07032764,0.09192315,0.08112539499999999,0.9188746050000001,0
icbhi2017::226_1b1_Pl_sc_LittC2SE__cycle_004,icbhi2017,icbhi2017::226,calibration,False,0,normal,1.9570000000000007,0,0.01767912,0.055578653,0.0366288865,0.9633711135,0
icbhi2017::226_1b1_Pl_sc_LittC2SE__cycle_005,icbhi2017,icbhi2017::226,calibration,False,1,crackle,1.885,1,0.15733421,0.19325519,0.1752947,0.8247053,0
icbhi2017::226_1b1_Pl_sc_LittC2SE__cycle_006,icbhi2017,icbhi2017::226,calibration,False,1,crackle,1.9719999999999995,1,0.04029983,0.08394701,0.06212342,0.93787658,0
icbhi2017::226_1b1_Pl_sc_LittC2SE__cycle_007,icbhi2017,icbhi2017::226,calibration,False,0,normal,1.843,0,0.042919695,0.056962382,0.0499410385,0.9500589615,0
icbhi2017::226_1b1_Pl_sc_LittC2SE__cycle_008,icbhi2017,icbhi2017::226,calibration,False,0,normal,1.956999999999999,0,0.04512726,0.06925861,0.057192935,0.942807065,0
icbhi2017::226_1b1_Pl_sc_LittC2SE__cycle_009,icbhi2017,icbhi2017::226,calibration,False,1,crackle,1.9430000000000016,1,0.015494814,0.031927995,0.0237114045,0.9762885955,0
icbhi2017::226_1b1_Pl_sc_LittC2SE__cycle_010,icbhi2017,icbhi2017::226,calibration,False,0,normal,0.5429999999999993,0,0.023123784,0.10943584,0.06627981200000001,0.933720188,0
