family,member,ensemble_scope,dataset,role,scale,temperature,samples,patients,negative_log_likelihood,brier_score,equal_frequency_ece,calibration_intercept,calibration_slope
exact,matched_completer_ensemble,diagnostic_two_seed_20260729_20260731,icbhi2017,validation_select,raw,1.551703890686541,554,12,0.5569555618342473,0.18655033084517603,0.07752309033393501,-0.07919926109932064,0.7403686774703205
exact,matched_completer_ensemble,diagnostic_two_seed_20260729_20260731,icbhi2017,validation_select,temperature,1.551703890686541,554,12,0.5473180923027268,0.1840611103553704,0.06154285963910933,-0.07919926109932003,1.1488329573731453
exact,matched_completer_ensemble,diagnostic_two_seed_20260729_20260731,icbhi2017,calibration,raw,1.551703890686541,561,12,0.5766897202816558,0.18465092082610707,0.0843417086969697,-0.06311326010824143,0.6453596801579524
exact,matched_completer_ensemble,diagnostic_two_seed_20260729_20260731,icbhi2017,calibration,temperature,1.551703890686541,561,12,0.5502762870785435,0.1820118111106864,0.07185494770158389,-0.06311326010824135,1.0014071265933169
exact,matched_completer_ensemble,diagnostic_two_seed_20260729_20260731,icbhi2017,locked_test,raw,1.551703890686541,2873,49,0.684469260154592,0.22944101409754594,0.10879658203941873,-0.21299878548871268,0.46352856935245457
exact,matched_completer_ensemble,diagnostic_two_seed_20260729_20260731,icbhi2017,locked_test,temperature,1.551703890686541,2873,49,0.6343790021675967,0.21926372128914579,0.0497785991890129,-0.21299878548871298,0.7192590845085698
exact,matched_completer_ensemble,diagnostic_two_seed_20260729_20260731,sprsound2022,validation_select,raw,1.190958576689045,1013,36,0.21094437592030557,0.06449320464253556,0.051888649110266534,-0.911758669636961,0.8451408024957969
exact,matched_completer_ensemble,diagnostic_two_seed_20260729_20260731,sprsound2022,validation_select,temperature,1.190958576689045,1013,36,0.2090785242282275,0.06355703059014288,0.05479845440611818,-0.911758669636961,1.0065276872422315
exact,matched_completer_ensemble,diagnostic_two_seed_20260729_20260731,sprsound2022,calibration,raw,1.190958576689045,1038,36,0.1939584799721931,0.05723513867086107,0.07915672762024084,-2.0401392825378633,0.9800734591377253
exact,matched_completer_ensemble,diagnostic_two_seed_20260729_20260731,sprsound2022,calibration,temperature,1.190958576689045,1038,36,0.18994055539788404,0.05625299030393793,0.08447955097863229,-2.040139282537863,1.167226891945374
exact,matched_completer_ensemble,diagnostic_two_seed_20260729_20260731,sprsound2022,locked_inter_test,raw,1.190958576689045,1429,41,0.3814624536832548,0.11203461104148837,0.14809094313685092,-58517054.27787432,23902406.56361022
exact,matched_completer_ensemble,diagnostic_two_seed_20260729_20260731,sprsound2022,locked_inter_test,temperature,1.190958576689045,1429,41,0.3540875316605551,0.10875143153587073,0.15221680875316204,-3.018683566766294,1.2732642085743546
exact,matched_completer_ensemble,diagnostic_two_seed_20260729_20260731,sprsound2022,locked_intra_test,raw,1.190958576689045,1004,160,0.3691616810997632,0.11606433769223719,0.12870216012791832,-1.6757582264890132,0.8622943890123868
exact,matched_completer_ensemble,diagnostic_two_seed_20260729_20260731,sprsound2022,locked_intra_test,temperature,1.190958576689045,1004,160,0.35004494180574186,0.11251358256018976,0.12886465366986283,-1.6757582264890132,1.0269568982251418
legacy-mask,matched_completer_ensemble,diagnostic_two_seed_20260729_20260731,icbhi2017,validation_select,raw,1.5422992637002977,554,12,0.5547404052817878,0.18541055554459887,0.0722594461471119,-0.11352576039168803,0.750950141916705
legacy-mask,matched_completer_ensemble,diagnostic_two_seed_20260729_20260731,icbhi2017,validation_select,temperature,1.5422992637002977,554,12,0.5459541141063264,0.18336980547325854,0.061315235367322495,-0.11352576039168848,1.1581898509537683
legacy-mask,matched_completer_ensemble,diagnostic_two_seed_20260729_20260731,icbhi2017,calibration,raw,1.5422992637002977,561,12,0.575574074785492,0.18469251517402296,0.08103456590686273,-0.09098804949300014,0.651118621159654
legacy-mask,matched_completer_ensemble,diagnostic_two_seed_20260729_20260731,icbhi2017,calibration,temperature,1.5422992637002977,561,12,0.5498614577812624,0.1820577335754699,0.07631453916650313,-0.09098804949300011,1.0042197699960875
legacy-mask,matched_completer_ensemble,diagnostic_two_seed_20260729_20260731,icbhi2017,locked_test,raw,1.5422992637002977,2873,49,0.6845179416014394,0.22839108848745024,0.10769530487697526,-0.2358625502700038,0.46729151223245025
legacy-mask,matched_completer_ensemble,diagnostic_two_seed_20260729_20260731,icbhi2017,locked_test,temperature,1.5422992637002977,2873,49,0.6349802490968893,0.21899502298152,0.069585929822642,-0.23586255027000363,0.7207033552495066
legacy-mask,matched_completer_ensemble,diagnostic_two_seed_20260729_20260731,sprsound2022,validation_select,raw,1.1871587623660453,1013,36,0.21359114773823462,0.06545957301148803,0.05663909344534057,-1.062149393388527,0.8785210717739519
legacy-mask,matched_completer_ensemble,diagnostic_two_seed_20260729_20260731,sprsound2022,validation_select,temperature,1.1871587623660453,1013,36,0.21239298007174787,0.06462440975130172,0.06395685416527551,-1.062149393388527,1.0429439882796565
legacy-mask,matched_completer_ensemble,diagnostic_two_seed_20260729_20260731,sprsound2022,calibration,raw,1.1871587623660453,1038,36,0.2030930736692471,0.06097988333523356,0.0833425333337765,-2.1391892424742847,1.0070513519308644
legacy-mask,matched_completer_ensemble,diagnostic_two_seed_20260729_20260731,sprsound2022,calibration,temperature,1.1871587623660453,1038,36,0.1992095752985261,0.05995695187766138,0.08871432015286282,-2.1391892424742847,1.1955298365972977
legacy-mask,matched_completer_ensemble,diagnostic_two_seed_20260729_20260731,sprsound2022,locked_inter_test,raw,1.1871587623660453,1429,41,0.40055022582175887,0.11817255715591445,0.1595919133429356,-108969350.21231186,50005095.11223219
legacy-mask,matched_completer_ensemble,diagnostic_two_seed_20260729_20260731,sprsound2022,locked_inter_test,temperature,1.1871587623660453,1429,41,0.371920078461335,0.11465510739440705,0.16392460193695327,-3.3831912021207873,1.358467742807496
legacy-mask,matched_completer_ensemble,diagnostic_two_seed_20260729_20260731,sprsound2022,locked_intra_test,raw,1.1871587623660453,1004,160,0.38423669253718207,0.12210701040788137,0.13933677993383464,-1.8295534045867654,0.8995386465049753
legacy-mask,matched_completer_ensemble,diagnostic_two_seed_20260729_20260731,sprsound2022,locked_intra_test,temperature,1.1871587623660453,1004,160,0.3644311636113291,0.11818397105612143,0.14092803094920114,-1.8295534045867654,1.067895186285274
