family,member,dataset,role,samples,patients,accuracy,sensitivity,specificity,average_score,harmonic_score,score,macro_f1,uar,auroc,predicted_adventitious_fraction
exact,seed20260729,icbhi2017,validation_select,554,12,0.7346570397111913,0.7415730337078652,0.7282229965156795,0.7348980151117723,0.7348373864635218,0.7348677007876471,0.7345523884026793,0.7348980151117723,0.7977919586579493,0.4981949458483754
exact,seed20260730,icbhi2017,validation_select,554,12,0.7093862815884476,0.7378277153558053,0.6829268292682927,0.710377272312049,0.7093165305728799,0.7098469014424644,0.7093853347017904,0.710377272312049,0.782184290542745,0.51985559566787
exact,seed20260731,icbhi2017,validation_select,554,12,0.6985559566787004,0.7565543071161048,0.6445993031358885,0.7005768051259966,0.6961040896348109,0.6983404473804038,0.69827184168387,0.7005768051259966,0.7733234154171398,0.5487364620938628
exact,ensemble,icbhi2017,validation_select,554,12,0.7166064981949458,0.7528089887640449,0.6829268292682927,0.7178679090161688,0.716167207482344,0.7170175582492564,0.7165834123516167,0.7178679090161688,0.8022941706142581,0.5270758122743683
exact,seed20260729,icbhi2017,calibration,561,12,0.7290552584670231,0.725,0.7330960854092526,0.7290480427046263,0.7290255659283665,0.7290368043164964,0.7290475101044764,0.7290480427046263,0.792272496187087,0.49554367201426025
exact,seed20260730,icbhi2017,calibration,561,12,0.7397504456327986,0.7571428571428571,0.7224199288256228,0.73978139298424,0.7393739477029859,0.739577670343613,0.7396834477498093,0.73978139298424,0.7954880528723945,0.5169340463458111
exact,seed20260731,icbhi2017,calibration,561,12,0.7540106951871658,0.775,0.7330960854092526,0.7540480427046263,0.753465872219928,0.7537569574622771,0.7539160839160839,0.7540480427046263,0.7877224199288255,0.5204991087344029
exact,ensemble,icbhi2017,calibration,561,12,0.732620320855615,0.7392857142857143,0.7259786476868327,0.7326321809862735,0.7325717557053267,0.7326019683458,0.7326126744452071,0.7326321809862735,0.8004829689883071,0.5062388591800356
exact,seed20260729,icbhi2017,locked_test,2873,49,0.6783849634528367,0.6238317757009346,0.7224669603524229,0.6731493680266787,0.6695361656256451,0.6713427668261619,0.6736238768976557,0.6731493680266787,0.7230041425767887,0.4323007309432649
exact,seed20260730,icbhi2017,locked_test,2873,49,0.6568047337278107,0.6417445482866043,0.6689741976085588,0.6553593729475815,0.6550765304977736,0.6552179517226775,0.6544131712449226,0.6553593729475815,0.6989919501087108,0.4698920988513749
exact,seed20260731,icbhi2017,locked_test,2873,49,0.6306996171249565,0.6534267912772586,0.6123348017621145,0.6328807965196865,0.6322137863925037,0.6325472914560951,0.6298944910457807,0.6328807965196865,0.670549474678916,0.5064392620953707
exact,ensemble,icbhi2017,locked_test,2873,49,0.663418029933867,0.6479750778816199,0.6758967904342353,0.6619359341579276,0.6616414864660741,0.6617887103120008,0.6610128770865706,0.6619359341579276,0.7135877694978522,0.4688478941872607
exact,seed20260729,sprsound2022,validation_select,1013,36,0.912142152023692,0.8590308370044053,0.9274809160305344,0.8932558765174698,0.8919445464042692,0.8926002114608695,0.8783327687908309,0.8932558765174698,0.969252670634787,0.24876604146100692
exact,seed20260730,sprsound2022,validation_select,1013,36,0.9407699901283317,0.762114537444934,0.9923664122137404,0.8772404748293372,0.8621317539723612,0.8696861144008492,0.9075898558657178,0.8772404748293372,0.9751095716895899,0.17670286278381048
exact,seed20260731,sprsound2022,validation_select,1013,36,0.8973346495557749,0.8678414096916299,0.905852417302799,0.8868469134972145,0.8864396175260534,0.8866432655116339,0.8615509157047037,0.8868469134972145,0.9559919740839135,0.2675222112537019
exact,ensemble,sprsound2022,validation_select,1013,36,0.9318854886475815,0.8458149779735683,0.9567430025445293,0.9012789902590488,0.8978657778219988,0.8995723840405239,0.9019084467609453,0.9012789902590488,0.9728284628577194,0.22309970384995065
exact,seed20260729,sprsound2022,calibration,1038,36,0.9229287090558767,0.961864406779661,0.9114713216957606,0.9366678642377109,0.9359900724821614,0.9363289683599361,0.8991532957344175,0.9366678642377109,0.9858669005452471,0.28709055876685935
exact,seed20260730,sprsound2022,calibration,1038,36,0.9624277456647399,0.9364406779661016,0.970074812967581,0.9532577454668414,0.9529610641540806,0.9531094048104609,0.9472337541303059,0.9532577454668414,0.9871613339532525,0.23603082851637766
exact,seed20260731,sprsound2022,calibration,1038,36,0.9132947976878613,0.961864406779661,0.899002493765586,0.9304334502726235,0.9293716816671873,0.9299025659699054,0.8879060436184918,0.9304334502726235,0.9793947335052201,0.29672447013487474
exact,ensemble,sprsound2022,calibration,1038,36,0.9421965317919075,0.9576271186440678,0.9376558603491272,0.9476414894965974,0.9475362674368039,0.9475888784667006,0.9222246643222507,0.9476414894965974,0.9851536413204278,0.2658959537572254
exact,seed20260729,sprsound2022,locked_inter_test,1429,41,0.8600419874037789,0.9820051413881749,0.8144230769230769,0.8982141091556259,0.8903975573880344,0.8943058332718301,0.8434672497119096,0.8982141091556259,0.973942060510184,0.40237928621413577
exact,seed20260730,sprsound2022,locked_inter_test,1429,41,0.9104268719384184,0.961439588688946,0.8913461538461539,0.92639287126755,0.9250670057086596,0.9257299384881048,0.8946500237295476,0.92639287126755,0.9764287126754992,0.34079776067179846
exact,seed20260731,sprsound2022,locked_inter_test,1429,41,0.8439468159552135,0.9845758354755784,0.7913461538461538,0.8879609946608661,0.8774487902715087,0.8827048924661873,0.8276022875493456,0.8879609946608661,0.9747083250939291,0.4198740377886634
exact,ensemble,sprsound2022,locked_inter_test,1429,41,0.8789363191042687,0.9820051413881749,0.8403846153846154,0.9111948783863951,0.9056921111240719,0.9084434947552336,0.862655467264304,0.9111948783863951,0.9814613407158393,0.3834849545136459
exact,seed20260729,sprsound2022,locked_intra_test,1004,160,0.849601593625498,0.9367088607594937,0.809593023255814,0.8731509420076538,0.8685244692619712,0.8708377056348124,0.8387011315093708,0.8731509420076538,0.9584559905799234,0.4252988047808765
exact,seed20260730,sprsound2022,locked_intra_test,1004,160,0.9163346613545816,0.8734177215189873,0.936046511627907,0.9047321165734472,0.903648269410664,0.9041901929920556,0.9033500192529842,0.9047321165734472,0.9690305784515748,0.3187250996015936
exact,seed20260731,sprsound2022,locked_intra_test,1004,160,0.8217131474103586,0.9240506329113924,0.7747093023255814,0.849379967618487,0.8428155224139239,0.8460977450162055,0.8108123187375977,0.849379967618487,0.9460507433029143,0.4452191235059761
exact,ensemble,sprsound2022,locked_intra_test,1004,160,0.8774900398406374,0.9208860759493671,0.8575581395348837,0.8892221077421254,0.8880945976702324,0.8886583527061789,0.8655671853823419,0.8892221077421254,0.9620253164556962,0.38745019920318724
matched-lora,seed20260729,icbhi2017,validation_select,554,12,0.6660649819494585,0.7303370786516854,0.6062717770034843,0.6683044278275849,0.6625464983450983,0.6654254630863417,0.6655844685537156,0.6683044278275849,0.7113886387660024,0.555956678700361
matched-lora,seed20260730,icbhi2017,validation_select,554,12,0.631768953068592,0.7153558052434457,0.554006968641115,0.6346813869422803,0.624426853089339,0.6295541200158097,0.6305362677023263,0.6346813869422803,0.7044982969893905,0.575812274368231
matched-lora,seed20260731,icbhi2017,validation_select,554,12,0.631768953068592,0.7191011235955056,0.5505226480836237,0.6348118858395646,0.6236201048411965,0.6292159953403805,0.6303767660910518,0.6348118858395646,0.6827832804812798,0.5794223826714802
matched-lora,ensemble,icbhi2017,validation_select,554,12,0.6353790613718412,0.7116104868913857,0.5644599303135889,0.6380352086024873,0.6295508467642968,0.6337930276833921,0.6344452719741811,0.6380352086024873,0.7052943402628247,0.5685920577617328
matched-lora,seed20260729,icbhi2017,calibration,561,12,0.6809269162210339,0.7571428571428571,0.604982206405694,0.6810625317742756,0.6725637293322883,0.6768131305532818,0.6791284425655921,0.6810625317742756,0.7575241484494155,0.5757575757575758
matched-lora,seed20260730,icbhi2017,calibration,561,12,0.7254901960784313,0.7535714285714286,0.697508896797153,0.7255401626842908,0.7244571738882903,0.7249986682862906,0.7252938034188035,0.7255401626842908,0.775902389425521,0.5276292335115864
matched-lora,seed20260731,icbhi2017,calibration,561,12,0.7201426024955436,0.75,0.6903914590747331,0.7201957295373665,0.7189623224212478,0.7195790259793071,0.7199147758892086,0.7201957295373665,0.775419420437214,0.5294117647058824
matched-lora,ensemble,icbhi2017,calibration,561,12,0.7183600713012478,0.7607142857142857,0.6761565836298933,0.7184354346720895,0.7159473875085137,0.7171914110903016,0.7178858786983755,0.7184354346720895,0.775775292323335,0.5418894830659536
matched-lora,seed20260729,icbhi2017,locked_test,2873,49,0.6101635920640446,0.6752336448598131,0.5575833857772183,0.6164085153185157,0.6107947124920536,0.6136016139052847,0.6101465415553236,0.6164085153185157,0.6423111382969754,0.5464671075530804
matched-lora,seed20260730,icbhi2017,locked_test,2873,49,0.6038983640793596,0.6892523364485982,0.5349276274386406,0.6120899819436194,0.6023626066746341,0.6072262943091268,0.6038395696835925,0.6120899819436194,0.6447882541381657,0.5652627915071354
matched-lora,seed20260731,icbhi2017,locked_test,2873,49,0.6073790462930735,0.6674454828660437,0.5588420390182505,0.6131437609421471,0.6083346489659128,0.6107392049540299,0.6073333294560344,0.6131437609421471,0.6370442038234043,0.5422902888966238
matched-lora,ensemble,icbhi2017,locked_test,2873,49,0.6080751827358162,0.6752336448598131,0.5538074260541221,0.6145205354569676,0.6085222303708392,0.6115213829139035,0.608067158067158,0.6145205354569676,0.6456312773369877,0.5485555168813088
matched-lora,seed20260729,sprsound2022,validation_select,1013,36,0.8943731490621916,0.8105726872246696,0.9185750636132316,0.8645738754189506,0.8612009672045067,0.8628874213117286,0.8528745461332248,0.8645738754189506,0.945970788355696,0.24481737413622903
matched-lora,seed20260730,sprsound2022,validation_select,1013,36,0.8993089832181639,0.8325991189427313,0.9185750636132316,0.8755870912779815,0.8734765464973371,0.8745318188876593,0.8607616429495473,0.8755870912779815,0.9541312170023877,0.24975320829220138
matched-lora,seed20260731,sprsound2022,validation_select,1013,36,0.8795656465942744,0.8590308370044053,0.8854961832061069,0.872263510105256,0.8720627638452494,0.8721631369752527,0.8405687541281374,0.872263510105256,0.9495185571286052,0.2813425468904245
matched-lora,ensemble,sprsound2022,validation_select,1013,36,0.8953603158933859,0.8370044052863436,0.9122137404580153,0.8746090728721794,0.872992223621351,0.8738006482467652,0.8565309176420288,0.8746090728721794,0.9528869758213673,0.25567620927936824
matched-lora,seed20260729,sprsound2022,calibration,1038,36,0.9248554913294798,0.9449152542372882,0.9189526184538653,0.9319339363455768,0.9317531138563062,0.9318435251009415,0.9004436531045881,0.9319339363455768,0.980636332896572,0.2774566473988439
matched-lora,seed20260730,sprsound2022,calibration,1038,36,0.9200385356454721,0.9533898305084746,0.9102244389027432,0.9318071347056089,0.9313072321605761,0.9315571834330925,0.8952431789635211,0.9318071347056089,0.9796272031784944,0.2861271676300578
matched-lora,seed20260731,sprsound2022,calibration,1038,36,0.8988439306358381,0.9491525423728814,0.8840399002493765,0.916596221311129,0.9154398625825715,0.9160180419468502,0.8705918531878288,0.916596221311129,0.9769855023458303,0.30539499036608864
matched-lora,ensemble,sprsound2022,calibration,1038,36,0.9152215799614644,0.940677966101695,0.9077306733167082,0.9242043197092016,0.9239106822313435,0.9240575009702725,0.8887958237562819,0.9242043197092016,0.9798543894501036,0.28516377649325625
matched-lora,seed20260729,sprsound2022,locked_inter_test,1429,41,0.8397480755773268,0.974293059125964,0.7894230769230769,0.8818580680245205,0.8721691760250809,0.8770136220248007,0.8227946738926191,0.8818580680245205,0.967048151077714,0.4184744576627012
matched-lora,seed20260730,sprsound2022,locked_inter_test,1429,41,0.8453463960811757,0.9794344473007712,0.7951923076923076,0.8873133774965394,0.8777493477894485,0.8825313626429939,0.8286556798914886,0.8873133774965394,0.9693395293652363,0.41567529741077675
matched-lora,seed20260731,sprsound2022,locked_inter_test,1429,41,0.8257522743177047,0.9820051413881749,0.7673076923076924,0.8746564168479336,0.861481244930776,0.8680688308893548,0.8096180547195402,0.8746564168479336,0.9677946410915563,0.4366689993002099
matched-lora,ensemble,sprsound2022,locked_inter_test,1429,41,0.8355493351994402,0.9768637532133676,0.7826923076923077,0.8797780304528376,0.8690643762836344,0.874421203368236,0.8188392310451884,0.8797780304528376,0.9697152461933952,0.42407277816655004
matched-lora,seed20260729,sprsound2022,locked_intra_test,1004,160,0.8256972111553785,0.8924050632911392,0.7950581395348837,0.8437316014130114,0.8409237109805162,0.8423276561967639,0.8126448217140066,0.8437316014130114,0.9419202605239916,0.4213147410358566
matched-lora,seed20260730,sprsound2022,locked_intra_test,1004,160,0.8227091633466136,0.9240506329113924,0.7761627906976745,0.8501067118045335,0.8436749269559572,0.8468908193802454,0.8117735283089613,0.8501067118045335,0.9503468133647336,0.4442231075697211
matched-lora,seed20260731,sprsound2022,locked_intra_test,1004,160,0.7908366533864541,0.930379746835443,0.7267441860465116,0.8285619664409773,0.8160500954834125,0.8223060309621949,0.7816441931274467,0.8285619664409773,0.9421870400353253,0.4800796812749004
matched-lora,ensemble,sprsound2022,locked_intra_test,1004,160,0.8187250996015937,0.9177215189873418,0.7732558139534884,0.8454886664704151,0.8393175784480132,0.8424031224592141,0.8075437199563538,0.8454886664704151,0.9469936708860759,0.4442231075697211
