coverage,error_risk,uncertainty
0.0006997900629811056,0.0,0.008801273726174294
0.0013995801259622112,0.0,0.010474490682030444
0.002099370188943317,0.0,0.010601301017050143
0.0027991602519244225,0.0,0.0107026315134848
0.0034989503149055285,0.0,0.011713107807987124
0.004198740377886634,0.0,0.011800426670207378
0.00489853044086774,0.0,0.011825698350498683
0.005598320503848845,0.0,0.012041487505595081
0.006298110566829951,0.0,0.012076435088311016
0.006997900629811057,0.0,0.012208536328572949
0.007697690692792162,0.0,0.01246784818541564
0.008397480755773267,0.0,0.012616375232061616
0.009097270818754374,0.0,0.013044892601662474
0.00979706088173548,0.0,0.013180087752872929
0.010496850944716585,0.0,0.013569327578325156
0.01119664100769769,0.0,0.01370267450434982
0.011896431070678797,0.0,0.013738610688960956
0.012596221133659902,0.0,0.013868442930893716
0.013296011196641007,0.0,0.014312536009630486
0.013995801259622114,0.0,0.014347056286091526
0.01469559132260322,0.0,0.014408672280804134
0.015395381385584325,0.0,0.014617331624845012
0.01609517144856543,0.0,0.014885197863283866
0.016794961511546535,0.0,0.014972148100483825
0.01749475157452764,0.0,0.014998587642648699
0.01819454163750875,0.0,0.015239056181368902
0.018894331700489854,0.0,0.015599182251010917
0.01959412176347096,0.0,0.015601510343582061
0.020293911826452064,0.0,0.01563984044144808
0.02099370188943317,0.0,0.015644890839163202
0.021693491952414275,0.0,0.015644979663174484
0.02239328201539538,0.0,0.015705364033092837
0.02309307207837649,0.0,0.01573902535825099
0.023792862141357594,0.0,0.015820219439101436
0.0244926522043387,0.0,0.015972822418192742
0.025192442267319804,0.0,0.016025643756268793
0.02589223233030091,0.0,0.01640128625409251
0.026592022393282014,0.0,0.016428304844524372
0.02729181245626312,0.0,0.01650619981881063
0.02799160251924423,0.0,0.01651898971578856
0.028691392582225334,0.0,0.0166120178016808
0.02939118264520644,0.0,0.016629430135688166
0.030090972708187544,0.0,0.017123165422811906
0.03079076277116865,0.0,0.017188999182141753
0.031490552834149754,0.0,0.017276570976230678
0.03219034289713086,0.0,0.01729489092849849
0.032890132960111965,0.0,0.01765701136418936
0.03358992302309307,0.0,0.017668213906899183
0.034289713086074175,0.0,0.017732096092262426
0.03498950314905528,0.0,0.017744859047326516
0.03568929321203639,0.0,0.017853471755950152
0.0363890832750175,0.0,0.017907457263584607
0.0370888733379986,0.0,0.017916197921439767
0.03778866340097971,0.0,0.01792184878534651
0.03848845346396081,0.0,0.017949888106982045
0.03918824352694192,0.0,0.017975322667054
0.03988803358992302,0.0,0.01797617027402344
0.04058782365290413,0.0,0.0181689757825851
0.041287613715885234,0.0,0.018257058013000333
0.04198740377886634,0.0,0.018306913096390282
0.042687193841847444,0.0,0.018348554724077214
0.04338698390482855,0.0,0.018409670132928446
0.044086773967809655,0.0,0.018557252529972156
0.04478656403079076,0.0,0.018562183243096917
0.04548635409377187,0.0,0.018754450326315696
0.04618614415675298,0.0,0.018782911869643613
0.04688593421973408,0.0,0.018972957437442175
0.04758572428271519,0.0,0.018995487431742456
0.04828551434569629,0.0,0.019023196983839273
0.0489853044086774,0.0,0.019030591741630246
0.0496850944716585,0.0,0.01903157680397429
0.05038488453463961,0.0,0.01912314761560388
0.05108467459762071,0.0,0.019228264584040283
0.05178446466060182,0.0,0.019436441374292207
0.052484254723582924,0.0,0.019502722458182454
0.05318404478656403,0.0,0.019634971923051348
0.053883834849545134,0.0,0.019752866013730195
0.05458362491252624,0.0,0.019842215343565422
0.055283414975507345,0.0,0.01988829895702031
0.05598320503848846,0.0,0.01992104997578714
0.05668299510146956,0.0,0.01992234528019678
0.05738278516445067,0.0,0.020007244222605865
0.05808257522743177,0.0,0.02004518522779994
0.05878236529041288,0.0,0.02013581149478045
0.05948215535339398,0.0,0.020175547932191954
0.06018194541637509,0.0,0.020340655874189893
0.06088173547935619,0.0,0.020498437912206947
0.0615815255423373,0.0,0.020546684111096166
0.0622813156053184,0.0,0.020586832820657056
0.06298110566829951,0.0,0.020589443855838697
0.06368089573128062,0.0,0.020663695739374516
0.06438068579426172,0.0,0.020691818527097186
0.06508047585724283,0.0,0.020737936260303576
0.06578026592022393,0.0,0.020837935632004378
0.06648005598320504,0.0,0.02094339071118687
0.06717984604618614,0.0,0.021113328399776046
0.06787963610916725,0.0,0.021310871367531417
0.06857942617214835,0.0,0.021467020845894243
0.06927921623512946,0.0,0.02158803757959481
0.06997900629811056,0.0,0.02185825318372501
0.07067879636109167,0.0,0.021997275636026027
0.07137858642407278,0.0,0.022102992184363728
0.07207837648705388,0.0,0.02231147753505113
0.072778166550035,0.0,0.022517801263887843
0.0734779566130161,0.0,0.022715074130214306
0.0741777466759972,0.0,0.022718421743890337
0.0748775367389783,0.0,0.022881648898924706
0.07557732680195942,0.0,0.02290543216118891
0.07627711686494051,0.0,0.02310535730191539
0.07697690692792163,0.0,0.02311614337110528
0.07767669699090272,0.0,0.02312741931061384
0.07837648705388384,0.0,0.023134534667276864
0.07907627711686493,0.0,0.023216986119564093
0.07977606717984605,0.0,0.023290371479373715
0.08047585724282715,0.0,0.02329420388744038
0.08117564730580826,0.0,0.023390266492495197
0.08187543736878937,0.0,0.02341743913877541
0.08257522743177047,0.0,0.023442314214796586
0.08327501749475158,0.0,0.02350480013328917
0.08397480755773268,0.0,0.023506364068301727
0.08467459762071379,0.0,0.023689539948256087
0.08537438768369489,0.0,0.023810870214530398
0.086074177746676,0.0,0.02383311688135037
0.0867739678096571,0.0,0.023885099460687714
0.08747375787263821,0.0,0.02429204843933469
0.08817354793561931,0.0,0.024389650037066137
0.08887333799860042,0.0,0.024448548368860252
0.08957312806158152,0.0,0.024468656778170717
0.09027291812456263,0.0,0.024474496920567006
0.09097270818754374,0.0,0.024536633940663473
0.09167249825052484,0.0,0.024536806537270386
0.09237228831350595,0.0,0.024552617380017825
0.09307207837648705,0.0,0.024868020944769514
0.09377186843946816,0.0,0.025140769587950133
0.09447165850244926,0.0,0.025211017924831162
0.09517144856543037,0.0,0.02527450364322924
0.09587123862841147,0.0,0.02537674014484992
0.09657102869139259,0.0,0.025393881307279854
0.09727081875437368,0.0,0.02540486923910742
0.0979706088173548,0.0,0.025456775318318168
0.0986703988803359,0.0,0.0257403540370685
0.099370188943317,0.0,0.025758441096889514
0.1000699790062981,0.0,0.025780755674443937
0.10076976906927922,0.0,0.02578518723128285
0.10146955913226033,0.0,0.025891441646414097
0.10216934919524143,0.0,0.02598512613806614
0.10286913925822254,0.0,0.0260507210210029
0.10356892932120364,0.0,0.02606840897447944
0.10426871938418475,0.0,0.02610614928484708
0.10496850944716585,0.0,0.02612788383531537
0.10566829951014696,0.0,0.026208997757072725
0.10636808957312806,0.0,0.026384273721599787
0.10706787963610917,0.0,0.026447006632709904
0.10776766969909027,0.0,0.026468621634833586
0.10846745976207138,0.0,0.02650456487315769
0.10916724982505248,0.0,0.026643543055757456
0.10986703988803359,0.0,0.02672022890551029
0.11056682995101469,0.0,0.026781327143991406
0.1112666200139958,0.0,0.02678791965677599
0.11196641007697691,0.0,0.027157393985245974
0.11266620013995801,0.0,0.027159502970951453
0.11336599020293912,0.0,0.027248669046144307
0.11406578026592022,0.0,0.027257344088027022
0.11476557032890133,0.0,0.027274242221467283
0.11546536039188243,0.0,0.027363420889650884
0.11616515045486354,0.0,0.027607992899681744
0.11686494051784464,0.0,0.027653350655356325
0.11756473058082575,0.0,0.027703579992074973
0.11826452064380685,0.0,0.02771200093516724
0.11896431070678797,0.0,0.02773899794157853
0.11966410076976906,0.0,0.02778859983055519
0.12036389083275018,0.0,0.02784892538974291
0.12106368089573127,0.0,0.027870184784337542
0.12176347095871239,0.0,0.027920543833425578
0.1224632610216935,0.0,0.028003380464187475
0.1231630510846746,0.0,0.028176888853922426
0.12386284114765571,0.0,0.028278791565855714
0.1245626312106368,0.0,0.028644328227687182
0.12526242127361792,0.0,0.028773896997763768
0.12596221133659902,0.0,0.02880580314197556
0.12666200139958012,0.0,0.02906445377633278
0.12736179146256124,0.0,0.02913498351805772
0.12806158152554234,0.0,0.029150905116237878
0.12876137158852344,0.0,0.02947039266320671
0.12946116165150454,0.0,0.02951876496271703
0.13016095171448566,0.0,0.029724995771234487
0.13086074177746676,0.0,0.03002160184041662
0.13156053184044786,0.0,0.030060891404234603
0.13226032190342898,0.0,0.0303810174219658
0.13296011196641008,0.0,0.030486443593800584
0.13365990202939118,0.0,0.03060858226276205
0.13435969209237228,0.0,0.030630198676161822
0.1350594821553534,0.0,0.030768140667211095
0.1357592722183345,0.0,0.031000094910038238
0.1364590622813156,0.0,0.03104465083554602
0.1371588523442967,0.0,0.03118727926368384
0.13785864240727783,0.0,0.03134911986020288
0.13855843247025892,0.0,0.03149394932002282
0.13925822253324002,0.0,0.03163029347154632
0.13995801259622112,0.0,0.031636777172185646
0.14065780265920225,0.0,0.0317434290160632
0.14135759272218335,0.0,0.031765443479888036
0.14205738278516444,0.0,0.03180558492970954
0.14275717284814557,0.0,0.03181068867150607
0.14345696291112667,0.0,0.03187130697293627
0.14415675297410777,0.0,0.03197269638516229
0.14485654303708886,0.0,0.032003936977857396
0.14555633310007,0.0,0.03219440403023015
0.1462561231630511,0.0,0.032308624155250716
0.1469559132260322,0.0,0.03255463205075179
0.14765570328901328,0.0,0.03272988612176926
0.1483554933519944,0.0,0.03276774257848985
0.1490552834149755,0.0,0.03282266620181428
0.1497550734779566,0.0,0.03285000753880323
0.1504548635409377,0.0,0.03292501803198966
0.15115465360391883,0.0,0.03295117480487714
0.15185444366689993,0.0,0.03305555727737135
0.15255423372988103,0.0,0.033062499148974155
0.15325402379286215,0.0,0.03329192695551258
0.15395381385584325,0.0,0.033371139446865636
0.15465360391882435,0.0,0.03345643998733813
0.15535339398180545,0.0,0.033470211539545
0.15605318404478657,0.0,0.03350484378791948
0.15675297410776767,0.0,0.03359598612404387
0.15745276417074877,0.0,0.033707427409483584
0.15815255423372987,0.004424778761061947,0.033819376712158074
0.158852344296711,0.004405286343612335,0.03391845949231621
0.1595521343596921,0.0043859649122807015,0.033942599240568055
0.1602519244226732,0.004366812227074236,0.0339632635285817
0.1609517144856543,0.004347826086956522,0.03400523715416921
0.16165150454863542,0.004329004329004329,0.03405124259246779
0.16235129461161651,0.004310344827586207,0.034144282070685664
0.1630510846745976,0.004291845493562232,0.03415540444595798
0.16375087473757874,0.004273504273504274,0.034243530524270246
0.16445066480055984,0.00425531914893617,0.03426143711753915
0.16515045486354094,0.00423728813559322,0.034329544692225544
0.16585024492652203,0.004219409282700422,0.03452969365596581
0.16655003498950316,0.004201680672268907,0.03465819723294224
0.16724982505248426,0.0041841004184100415,0.03467676173460621
0.16794961511546536,0.004166666666666667,0.03477786568941825
0.16864940517844645,0.004149377593360996,0.0348809530391859
0.16934919524142758,0.004132231404958678,0.035118851835250146
0.17004898530440868,0.00411522633744856,0.03511922767613441
0.17074877536738978,0.004098360655737705,0.0351699091232882
0.17144856543037088,0.004081632653061225,0.035207315350488176
0.172148355493352,0.0040650406504065045,0.03525089206070723
0.1728481455563331,0.004048582995951417,0.035276159914808036
0.1735479356193142,0.004032258064516129,0.03529050735302474
0.17424772568229532,0.004016064257028112,0.035329786624175845
0.17494751574527642,0.004,0.03547531603452297
0.17564730580825752,0.00398406374501992,0.03553832673728748
0.17634709587123862,0.003968253968253968,0.03564412328144517
0.17704688593421974,0.003952569169960474,0.03577844748991814
0.17774667599720084,0.003937007874015748,0.035788139414361146
0.17844646606018194,0.00392156862745098,0.03581106428584813
0.17914625612316304,0.00390625,0.03582384526171784
0.17984604618614417,0.0038910505836575876,0.035858529893377254
0.18054583624912526,0.003875968992248062,0.03586546045173972
0.18124562631210636,0.003861003861003861,0.036126783595593695
0.1819454163750875,0.0038461538461538464,0.03637457945308779
0.18264520643806859,0.0038314176245210726,0.036382005823990364
0.18334499650104968,0.003816793893129771,0.0363867544243239
0.18404478656403078,0.0038022813688212928,0.036467428183519925
0.1847445766270119,0.003787878787878788,0.03649267426019708
0.185444366689993,0.0037735849056603774,0.03668800591845095
0.1861441567529741,0.0037593984962406013,0.036762425746864336
0.1868439468159552,0.003745318352059925,0.03682207075203985
0.18754373687893633,0.0037313432835820895,0.036840750875217175
0.18824352694191743,0.0037174721189591076,0.03745019433370302
0.18894331700489853,0.003703703703703704,0.03748179532531031
0.18964310706787962,0.0036900369003690036,0.03761834840620444
0.19034289713086075,0.003676470588235294,0.03764753175951693
0.19104268719384185,0.003663003663003663,0.03770026279147942
0.19174247725682295,0.0036496350364963502,0.0381778486258998
0.19244226731980407,0.0036363636363636364,0.03832360239134265
0.19314205738278517,0.0036231884057971015,0.038346253003149214
0.19384184744576627,0.0036101083032490976,0.038507630921920485
0.19454163750874737,0.0035971223021582736,0.03892017732866115
0.1952414275717285,0.0035842293906810036,0.03900035161635278
0.1959412176347096,0.0035714285714285713,0.03901549466036445
0.1966410076976907,0.0035587188612099642,0.03902716401764187
0.1973407977606718,0.0035460992907801418,0.03904721771558725
0.1980405878236529,0.0035335689045936395,0.03938509493900752
0.198740377886634,0.0035211267605633804,0.03940453916558567
0.1994401679496151,0.0035087719298245615,0.03945240166892232
0.2001399580125962,0.0034965034965034965,0.039585335793952764
0.20083974807557733,0.003484320557491289,0.039702582936890427
0.20153953813855843,0.003472222222222222,0.03989117280916353
0.20223932820153953,0.0034602076124567475,0.03990922356039384
0.20293911826452066,0.0034482758620689655,0.04000262505181372
0.20363890832750176,0.003436426116838488,0.0400261352514041
0.20433869839048285,0.003424657534246575,0.040095874803512246
0.20503848845346395,0.0034129692832764505,0.040269944600470176
0.20573827851644508,0.003401360544217687,0.04031641913555539
0.20643806857942618,0.003389830508474576,0.0404535392413157
0.20713785864240727,0.0033783783783783786,0.040528916728127674
0.20783764870538837,0.003367003367003367,0.040534292971433405
0.2085374387683695,0.003355704697986577,0.04055163717227344
0.2092372288313506,0.0033444816053511705,0.04062335273889866
0.2099370188943317,0.0033333333333333335,0.041163471938010045
0.2106368089573128,0.0033222591362126247,0.04117543142452996
0.21133659902029392,0.0033112582781456954,0.041221363935108495
0.21203638908327502,0.0033003300330033004,0.041290025190678155
0.21273617914625612,0.003289473684210526,0.04136901185900358
0.21343596920923724,0.006557377049180328,0.04138283988908239
0.21413575927221834,0.006535947712418301,0.041463788168084645
0.21483554933519944,0.006514657980456026,0.04158504171137948
0.21553533939818054,0.006493506493506494,0.04164330656399369
0.21623512946116166,0.006472491909385114,0.041705130881681575
0.21693491952414276,0.0064516129032258064,0.041906561870755
0.21763470958712386,0.006430868167202572,0.041939992581828366
0.21833449965010496,0.00641025641025641,0.04211537304297746
0.21903428971308608,0.006389776357827476,0.042383173483281494
0.21973407977606718,0.006369426751592357,0.042421862820481444
0.22043386983904828,0.006349206349206349,0.04246292048992229
0.22113365990202938,0.006329113924050633,0.04250228562917272
0.2218334499650105,0.006309148264984227,0.042670028960878
0.2225332400279916,0.006289308176100629,0.042907410136886336
0.2232330300909727,0.006269592476489028,0.043037695908191856
0.22393282015395383,0.00625,0.04321973372901181
0.22463261021693492,0.006230529595015576,0.043241360589644534
0.22533240027991602,0.006211180124223602,0.0433026010976173
0.22603219034289712,0.006191950464396285,0.04330662808740597
0.22673198040587825,0.006172839506172839,0.04338194968594677
0.22743177046885935,0.006153846153846154,0.043409157580663944
0.22813156053184044,0.006134969325153374,0.043421106596637636
0.22883135059482154,0.0061162079510703364,0.043534417361878755
0.22953114065780267,0.006097560975609756,0.04359603037121381
0.23023093072078377,0.0060790273556231,0.04360672516135879
0.23093072078376486,0.006060606060606061,0.043677835974057486
0.23163051084674596,0.006042296072507553,0.043710871068745445
0.2323303009097271,0.006024096385542169,0.043861643184297
0.2330300909727082,0.006006006006006006,0.043920088660018355
0.23372988103568929,0.005988023952095809,0.04432716580925655
0.2344296710986704,0.005970149253731343,0.044334994032933346
0.2351294611616515,0.005952380952380952,0.04458368749268897
0.2358292512246326,0.005934718100890208,0.04465237818307565
0.2365290412876137,0.005917159763313609,0.04467477507859705
0.23722883135059483,0.0058997050147492625,0.044776969425765555
0.23792862141357593,0.0058823529411764705,0.04478551942267345
0.23862841147655703,0.005865102639296188,0.044828143478411374
0.23932820153953813,0.005847953216374269,0.0448732375168421
0.24002799160251925,0.0058309037900874635,0.04488370602659632
0.24072778166550035,0.005813953488372093,0.0452144953282011
0.24142757172848145,0.005797101449275362,0.04524007491582418
0.24212736179146255,0.005780346820809248,0.04542184849834654
0.24282715185444367,0.005763688760806916,0.04546305004864431
0.24352694191742477,0.005747126436781609,0.045914159876751404
0.24422673198040587,0.0057306590257879654,0.04605109522777431
0.244926522043387,0.005714285714285714,0.04606075913269408
0.2456263121063681,0.005698005698005698,0.04630921610583195
0.2463261021693492,0.005681818181818182,0.04644302451990103
0.2470258922323303,0.0056657223796034,0.04670321572687471
0.24772568229531142,0.005649717514124294,0.04673788777025474
0.24842547235829252,0.005633802816901409,0.04682369422525045
0.2491252624212736,0.0056179775280898875,0.046843746557588876
0.2498250524842547,0.0056022408963585435,0.04691035535123762
0.25052484254723584,0.00558659217877095,0.047056891441427655
0.25122463261021694,0.005571030640668524,0.04710793265759407
0.25192442267319803,0.005555555555555556,0.04715440966315325
0.25262421273617913,0.00554016620498615,0.04720842841045432
0.25332400279916023,0.0055248618784530384,0.047225001712523876
0.2540237928621414,0.005509641873278237,0.0473324017198958
0.2547235829251225,0.005494505494505495,0.047337453668869094
0.2554233729881036,0.005479452054794521,0.04734663946524087
0.2561231630510847,0.00546448087431694,0.047386094977481565
0.2568229531140658,0.005449591280653951,0.047416407815888656
0.2575227431770469,0.005434782608695652,0.04761125044053268
0.258222533240028,0.005420054200542005,0.04763548087002588
0.25892232330300907,0.005405405405405406,0.047646569391341036
0.2596221133659902,0.005390835579514825,0.047765010462864486
0.2603219034289713,0.005376344086021506,0.04792616403447622
0.2610216934919524,0.005361930294906166,0.048024035552682316
0.2617214835549335,0.0053475935828877,0.048052567551586454
0.2624212736179146,0.005333333333333333,0.0480816289535026
0.2631210636808957,0.005319148936170213,0.048215315312897494
0.2638208537438768,0.005305039787798408,0.04823792163902073
0.26452064380685797,0.005291005291005291,0.04829914757606146
0.26522043386983907,0.005277044854881266,0.04846826878798163
0.26592022393282017,0.005263157894736842,0.04867721304119334
0.26662001399580126,0.005249343832020997,0.04870831740954731
0.26731980405878236,0.005235602094240838,0.048825642208709365
0.26801959412176346,0.005221932114882507,0.04900538692958061
0.26871938418474456,0.005208333333333333,0.04902750804037006
0.26941917424772566,0.005194805194805195,0.04904355064443637
0.2701189643107068,0.0051813471502590676,0.049101300433523225
0.2708187543736879,0.00516795865633075,0.04916409495321969
0.271518544436669,0.005154639175257732,0.04925793453593899
0.2722183344996501,0.005141388174807198,0.04966074647617342
0.2729181245626312,0.005128205128205128,0.05001858726811358
0.2736179146256123,0.005115089514066497,0.05004798110618751
0.2743177046885934,0.00510204081632653,0.05028634026091334
0.27501749475157455,0.005089058524173028,0.05037331974766429
0.27571728481455565,0.005076142131979695,0.05051021097400941
0.27641707487753675,0.005063291139240506,0.05086764309330092
0.27711686494051785,0.005050505050505051,0.051174258193517494
0.27781665500349895,0.005037783375314861,0.051193656951363825
0.27851644506648005,0.005025125628140704,0.05145224736946439
0.27921623512946114,0.005012531328320802,0.051514998437722295
0.27991602519244224,0.005,0.05198033826598685
0.2806158152554234,0.004987531172069825,0.05210685334063738
0.2813156053184045,0.004975124378109453,0.05216466652062123
0.2820153953813856,0.004962779156327543,0.052249628565009275
0.2827151854443667,0.0049504950495049506,0.052340661733977466
0.2834149755073478,0.0049382716049382715,0.05234778647243988
0.2841147655703289,0.0049261083743842365,0.0523884837620385
0.28481455563331,0.004914004914004914,0.05265595214313696
0.28551434569629114,0.004901960784313725,0.0527574322953672
0.28621413575927224,0.004889975550122249,0.05276558701964623
0.28691392582225334,0.004878048780487805,0.05285213425047553
0.28761371588523443,0.004866180048661801,0.05309776665828831
0.28831350594821553,0.0048543689320388345,0.053203114255041796
0.28901329601119663,0.004842615012106538,0.053359597092420046
0.28971308607417773,0.004830917874396135,0.053534006876478885
0.2904128761371588,0.004819277108433735,0.05355968845778723
0.29111266620014,0.004807692307692308,0.05365941124301108
0.2918124562631211,0.004796163069544364,0.053897193232705816
0.2925122463261022,0.004784688995215311,0.05392137847888981
0.2932120363890833,0.00477326968973747,0.053971611157771444
0.2939118264520644,0.004761904761904762,0.05397740008851064
0.29461161651504547,0.004750593824228029,0.05421429481707768
0.29531140657802657,0.004739336492890996,0.05423957639453905
0.2960111966410077,0.004728132387706856,0.05437934945519599
0.2967109867039888,0.0047169811320754715,0.05471187200472001
0.2974107767669699,0.004705882352941176,0.05472093414603875
0.298110566829951,0.004694835680751174,0.05472371265738124
0.2988103568929321,0.00468384074941452,0.054873165604973045
0.2995101469559132,0.004672897196261682,0.05503922009368415
0.3002099370188943,0.004662004662004662,0.05515965865955756
0.3009097270818754,0.004651162790697674,0.055393708111420796
0.30160951714485656,0.004640371229698376,0.055470580777456924
0.30230930720783766,0.004629629629629629,0.055559796353771604
0.30300909727081876,0.004618937644341801,0.05560370449329066
0.30370888733379986,0.004608294930875576,0.05560655874304561
0.30440867739678096,0.004597701149425287,0.055671264970378616
0.30510846745976206,0.0045871559633027525,0.05579954823447138
0.30580825752274315,0.004576659038901602,0.0560416221394313
0.3065080475857243,0.0045662100456621,0.05613832197596576
0.3072078376487054,0.004555808656036446,0.0564044131075212
0.3079076277116865,0.004545454545454545,0.05668723659824974
0.3086074177746676,0.0045351473922902496,0.056866908412946816
0.3093072078376487,0.004524886877828055,0.05709480880480443
0.3100069979006298,0.004514672686230248,0.05710691838331398
0.3107067879636109,0.0045045045045045045,0.057300689823027086
0.311406578026592,0.0044943820224719105,0.05730613938502408
0.31210636808957315,0.004484304932735426,0.05738939334791804
0.31280615815255425,0.0044742729306487695,0.05747424490073849
0.31350594821553535,0.004464285714285714,0.05752928938648446
0.31420573827851644,0.004454342984409799,0.057578700314288904
0.31490552834149754,0.0044444444444444444,0.05761094236872781
0.31560531840447864,0.004434589800443459,0.05785728859443167
0.31630510846745974,0.00663716814159292,0.05822893910734451
0.3170048985304409,0.006622516556291391,0.058306504536963955
0.317704688593422,0.006607929515418502,0.05854100696785843
0.3184044786564031,0.006593406593406593,0.05862178716186836
0.3191042687193842,0.006578947368421052,0.058880018507966675
0.3198040587823653,0.006564551422319475,0.05899356649373656
0.3205038488453464,0.006550218340611353,0.058998733767990065
0.3212036389083275,0.006535947712418301,0.05904460136493751
0.3219034289713086,0.006521739130434782,0.05952336056208033
0.32260321903428973,0.006507592190889371,0.05954652465555533
0.32330300909727083,0.006493506493506494,0.059928570602648744
0.32400279916025193,0.0064794816414686825,0.060104841112482404
0.32470258922323303,0.00646551724137931,0.06039829504270554
0.3254023792862141,0.0064516129032258064,0.06039965410864349
0.3261021693491952,0.006437768240343348,0.06064352500610233
0.3268019594121763,0.006423982869379015,0.06068344674833407
0.3275017494751575,0.00641025641025641,0.06083237973815544
0.3282015395381386,0.006396588486140725,0.06095540639067974
0.3289013296011197,0.006382978723404255,0.06109230537422232
0.3296011196641008,0.006369426751592357,0.06119827132281057
0.33030090972708187,0.006355932203389831,0.06121646365512212
0.33100069979006297,0.006342494714587738,0.061224512810508905
0.33170048985304407,0.006329113924050633,0.06122840294416393
0.33240027991602517,0.00631578947368421,0.061309173488212194
0.3331000699790063,0.0063025210084033615,0.06149495776842832
0.3337998600419874,0.008385744234800839,0.061600740158518436
0.3344996501049685,0.008368200836820083,0.06176598807668305
0.3351994401679496,0.008350730688935281,0.061831038126579384
0.3358992302309307,0.008333333333333333,0.061881040024962565
0.3365990202939118,0.008316008316008316,0.0619086844892733
0.3372988103568929,0.008298755186721992,0.06201228099541268
0.33799860041987406,0.008281573498964804,0.06208446793528119
0.33869839048285516,0.008264462809917356,0.062148941469605465
0.33939818054583626,0.008247422680412371,0.0622093896924308
0.34009797060881736,0.00823045267489712,0.062474423412544944
0.34079776067179846,0.008213552361396304,0.06266005348427314
0.34149755073477955,0.00819672131147541,0.0629180892917547
0.34219734079776065,0.0081799591002045,0.06307594282382088
0.34289713086074175,0.00816326530612245,0.0630829105758508
0.3435969209237229,0.008146639511201629,0.06312781545309187
0.344296710986704,0.008130081300813009,0.06336881054348104
0.3449965010496851,0.008113590263691683,0.06338443536914125
0.3456962911126662,0.008097165991902834,0.06348545591642459
0.3463960811756473,0.00808080808080808,0.0637038618431139
0.3470958712386284,0.008064516129032258,0.06410344550143098
0.3477956613016095,0.008048289738430584,0.06421999589166826
0.34849545136459065,0.008032128514056224,0.06454209257035574
0.34919524142757175,0.008016032064128256,0.06480541961004095
0.34989503149055284,0.008,0.06516657003875041
0.35059482155353394,0.007984031936127744,0.06535187153092557
0.35129461161651504,0.00796812749003984,0.065355310776676
0.35199440167949614,0.007952286282306162,0.0653723324402138
0.35269419174247724,0.00992063492063492,0.06538775023199521
0.35339398180545833,0.009900990099009901,0.06540870718291053
0.3540937718684395,0.009881422924901186,0.0654928875710845
0.3547935619314206,0.009861932938856016,0.06549315721807951
0.3554933519944017,0.00984251968503937,0.06577521699587045
0.3561931420573828,0.009823182711198428,0.06607728689648311
0.3568929321203639,0.00980392156862745,0.06609045900516505
0.357592722183345,0.009784735812133072,0.06609185618222838
0.3582925122463261,0.009765625,0.0662248358687836
0.35899230230930723,0.009746588693957114,0.06623144302906814
0.35969209237228833,0.009727626459143969,0.06653994367978801
0.36039188243526943,0.009708737864077669,0.06657673290056672
0.3610916724982505,0.009689922480620155,0.06659663056209365
0.3617914625612316,0.009671179883945842,0.06674438443715931
0.3624912526242127,0.009652509652509652,0.06699341937748032
0.3631910426871938,0.009633911368015413,0.06705945635293932
0.363890832750175,0.009615384615384616,0.06706067417466839
0.3645906228131561,0.009596928982725527,0.06753100212979767
0.36529041287613717,0.009578544061302681,0.0675494845416326
0.36599020293911827,0.009560229445506692,0.06755507749805871
0.36668999300209937,0.009541984732824428,0.06763040295307599
0.36738978306508047,0.011428571428571429,0.06769780544043577
0.36808957312806156,0.011406844106463879,0.0678215456014685
0.36878936319104266,0.011385199240986717,0.06788402427472623
0.3694891532540238,0.011363636363636364,0.06799027326767693
0.3701889433170049,0.011342155009451797,0.06802469005939898
0.370888733379986,0.011320754716981131,0.0685656079906898
0.3715885234429671,0.011299435028248588,0.06893331759854673
0.3722883135059482,0.011278195488721804,0.06983255135982795
0.3729881035689293,0.01125703564727955,0.06990208782748197
0.3736878936319104,0.011235955056179775,0.07000798697103933
0.37438768369489156,0.011214953271028037,0.07005780320798947
0.37508747375787266,0.011194029850746268,0.07011700613262495
0.37578726382085376,0.0111731843575419,0.0702409729816589
0.37648705388383485,0.011152416356877323,0.07047946133739276
0.37718684394681595,0.011131725417439703,0.07105271111248043
0.37788663400979705,0.011111111111111112,0.07110958231688815
0.37858642407277815,0.011090573012939002,0.07120411846386289
0.37928621413575925,0.01107011070110701,0.07130368153706933
0.3799860041987404,0.011049723756906077,0.07139307237719504
0.3806857942617215,0.011029411764705883,0.07167254376343568
0.3813855843247026,0.011009174311926606,0.07183925176958844
0.3820853743876837,0.01098901098901099,0.07217276281956346
0.3827851644506648,0.010968921389396709,0.07233934128358668
0.3834849545136459,0.010948905109489052,0.07237501981209478
0.384184744576627,0.01092896174863388,0.07246877504917498
0.38488453463960814,0.01090909090909091,0.07283704735065039
0.38558432470258924,0.010889292196007259,0.0728510175930444
0.38628411476557034,0.010869565217391304,0.073220738915127
0.38698390482855144,0.0108499095840868,0.07334061926610175
0.38768369489153254,0.010830324909747292,0.07343149506674433
0.38838348495451364,0.010810810810810811,0.07356154697460547
0.38908327501749473,0.01079136690647482,0.07364723544390347
0.38978306508047583,0.010771992818671455,0.07377353145578858
0.390482855143457,0.010752688172043012,0.07397631086662092
0.3911826452064381,0.01073345259391771,0.07431668834658439
0.3918824352694192,0.010714285714285714,0.0744783216222652
0.3925822253324003,0.0106951871657754,0.07483505489120121
0.3932820153953814,0.010676156583629894,0.07534296950044604
0.3939818054583625,0.010657193605683837,0.0753976173434692
0.3946815955213436,0.010638297872340425,0.0754300504139076
0.39538138558432473,0.010619469026548672,0.07549168060871565
0.3960811756473058,0.01060070671378092,0.07559399320876073
0.3967809657102869,0.010582010582010581,0.0756872306457366
0.397480755773268,0.01056338028169014,0.07576251957785686
0.3981805458362491,0.01054481546572935,0.07586517099712761
0.3988803358992302,0.010526315789473684,0.07608356649246473
0.3995801259622113,0.010507880910683012,0.07614769946821343
0.4002799160251924,0.01048951048951049,0.07617268840995299
0.40097970608817357,0.010471204188481676,0.07623537234225074
0.40167949615115467,0.010452961672473868,0.0762379516451492
0.40237928621413577,0.010434782608695653,0.07707282216339002
0.40307907627711687,0.010416666666666666,0.07720336447229235
0.40377886634009796,0.010398613518197574,0.0773612906939201
0.40447865640307906,0.010380622837370242,0.0777088432382788
0.40517844646606016,0.010362694300518135,0.07777572735535127
0.4058782365290413,0.010344827586206896,0.0786156182065894
0.4065780265920224,0.010327022375215147,0.07877523506562852
0.4072778166550035,0.010309278350515464,0.07896753336908059
0.4079776067179846,0.010291595197255575,0.07981142856564227
0.4086773967809657,0.010273972602739725,0.07988136877763075
0.4093771868439468,0.010256410256410256,0.0816358327873316
0.4100769769069279,0.010238907849829351,0.08182911919140556
0.410776766969909,0.010221465076660987,0.08185288993184123
0.41147655703289016,0.01020408163265306,0.08193593727365699
0.41217634709587125,0.011884550084889643,0.08262402322712828
0.41287613715885235,0.011864406779661017,0.08277389742112315
0.41357592722183345,0.011844331641285956,0.0829287955421697
0.41427571728481455,0.011824324324324325,0.08301665828478709
0.41497550734779565,0.011804384485666104,0.0831788038960985
0.41567529741077675,0.011784511784511785,0.08344045700587178
0.4163750874737579,0.011764705882352941,0.08386045632431682
0.417074877536739,0.01174496644295302,0.08428644104692584
0.4177746675997201,0.011725293132328308,0.08483242554471793
0.4184744576627012,0.011705685618729096,0.08501559588146555
0.4191742477256823,0.011686143572621035,0.0851152892382048
0.4198740377886634,0.011666666666666667,0.08579336033525325
0.4205738278516445,0.011647254575707155,0.08583384255471838
0.4212736179146256,0.011627906976744186,0.08587930748922112
0.42197340797760674,0.011608623548922056,0.08604292050345273
0.42267319804058784,0.011589403973509934,0.08608337778374635
0.42337298810356894,0.011570247933884297,0.0861173373548959
0.42407277816655004,0.01155115511551155,0.08636721461697437
0.42477256822953113,0.011532125205930808,0.08641080142250629
0.42547235829251223,0.011513157894736841,0.08649491374290685
0.42617214835549333,0.011494252873563218,0.08673493018899033
0.4268719384184745,0.011475409836065573,0.08694298129418537
0.4275717284814556,0.011456628477905073,0.0871010701896407
0.4282715185444367,0.011437908496732025,0.08715880611102296
0.4289713086074178,0.011419249592169658,0.08739274415142548
0.4296710986703989,0.011400651465798045,0.08748208287940104
0.43037088873338,0.011382113821138212,0.08752818140393273
0.4310706787963611,0.011363636363636364,0.08784944763767985
0.43177046885934217,0.011345218800648298,0.08813555892131035
0.4324702589223233,0.011326860841423949,0.0885338000009941
0.4331700489853044,0.011308562197092083,0.08861644892319825
0.4338698390482855,0.01129032258064516,0.08907003795251542
0.4345696291112666,0.011272141706924315,0.089236692799717
0.4352694191742477,0.011254019292604502,0.08934254743006152
0.4359692092372288,0.011235955056179775,0.0893476800234727
0.4366689993002099,0.011217948717948718,0.0894522188900661
0.43736878936319107,0.0112,0.0894871503898468
0.43806857942617217,0.011182108626198083,0.08949567040664319
0.43876836948915326,0.011164274322169059,0.09017454949200257
0.43946815955213436,0.011146496815286623,0.09055669930955124
0.44016794961511546,0.012718600953895072,0.09061199078536719
0.44086773967809656,0.012698412698412698,0.09064432738916098
0.44156752974107766,0.012678288431061807,0.0909628827714555
0.44226731980405876,0.012658227848101266,0.09134971747602323
0.4429671098670399,0.01263823064770932,0.09149491476294982
0.443666899930021,0.012618296529968454,0.09153345718214159
0.4443666899930021,0.012598425196850394,0.09197554325070982
0.4450664800559832,0.012578616352201259,0.09251543820579734
0.4457662701189643,0.012558869701726845,0.09326952689204425
0.4464660601819454,0.012539184952978056,0.09331504667073243
0.4471658502449265,0.012519561815336464,0.0933848862918117
0.44786564030790765,0.0125,0.09345385182527186
0.44856543037088875,0.0124804992199688,0.09382870176803572
0.44926522043386985,0.012461059190031152,0.09387743626665321
0.44996501049685095,0.012441679626749611,0.093931444965363
0.45066480055983205,0.012422360248447204,0.09443933800196773
0.45136459062281314,0.012403100775193798,0.09487475132962277
0.45206438068579424,0.01238390092879257,0.09499737771089269
0.45276417074877534,0.012364760432766615,0.09537947973681227
0.4534639608117565,0.012345679012345678,0.09561974391383161
0.4541637508747376,0.012326656394453005,0.09618161448318405
0.4548635409377187,0.012307692307692308,0.09682119407179265
0.4555633310006998,0.01228878648233487,0.09684988847641755
0.4562631210636809,0.012269938650306749,0.0969076596646443
0.456962911126662,0.01225114854517611,0.09697949481999237
0.4576627011896431,0.012232415902140673,0.09710321301833418
0.45836249125262424,0.012213740458015267,0.09729999041029583
0.45906228131560534,0.012195121951219513,0.09753009222696263
0.45976207137858643,0.0121765601217656,0.09758301471066015
0.46046186144156753,0.0121580547112462,0.09889398832147966
0.46116165150454863,0.012139605462822459,0.09895957749062843
0.46186144156752973,0.013636363636363636,0.09936001900896343
0.4625612316305108,0.01361573373676248,0.0995446753596393
0.4632610216934919,0.013595166163141994,0.09958294621645061
0.4639608117564731,0.013574660633484163,0.09962913553630501
0.4646606018194542,0.01355421686746988,0.10030199618963506
0.4653603918824353,0.013533834586466165,0.10049689338471916
0.4660601819454164,0.013513513513513514,0.10056224904325645
0.4667599720083975,0.013493253373313344,0.10072346663077288
0.46745976207137857,0.01347305389221557,0.1007302063662136
0.46815955213435967,0.013452914798206279,0.10108292556221735
0.4688593421973408,0.013432835820895522,0.10108642615448793
0.4695591322603219,0.013412816691505217,0.10118594982554538
0.470258922323303,0.013392857142857142,0.10126311059312836
0.4709587123862841,0.01337295690936107,0.10182760048366762
0.4716585024492652,0.013353115727002967,0.10188409137573765
0.4723582925122463,0.013333333333333334,0.10226727693923447
0.4730580825752274,0.013313609467455622,0.10305575946032285
0.4737578726382085,0.013293943870014771,0.10347409028925848
0.47445766270118966,0.01327433628318584,0.1052570492809317
0.47515745276417076,0.013254786450662739,0.10534515391954616
0.47585724282715186,0.013235294117647059,0.10555277219659226
0.47655703289013296,0.013215859030837005,0.10581014895156857
0.47725682295311406,0.013196480938416423,0.10590118929306469
0.47795661301609516,0.013177159590043924,0.1060468399618922
0.47865640307907625,0.013157894736842105,0.10611737302179855
0.4793561931420574,0.013138686131386862,0.10723815207698488
0.4800559832050385,0.013119533527696793,0.10737294862219283
0.4807557732680196,0.013100436681222707,0.10745898470804735
0.4814555633310007,0.01308139534883721,0.10749073028658217
0.4821553533939818,0.013062409288824383,0.10803489593926775
0.4828551434569629,0.013043478260869565,0.10827370862883431
0.483554933519944,0.013024602026049204,0.10832807846362835
0.4842547235829251,0.014450867052023121,0.10838718988387563
0.48495451364590625,0.01443001443001443,0.1086834741848014
0.48565430370888735,0.01440922190201729,0.10917602831008019
0.48635409377186845,0.014388489208633094,0.10946210696244801
0.48705388383484954,0.014367816091954023,0.10959753324717858
0.48775367389783064,0.014347202295552367,0.10960773313168674
0.48845346396081174,0.014326647564469915,0.10994422607434891
0.48915325402379284,0.01430615164520744,0.11001775093604843
0.489853044086774,0.014285714285714285,0.11027171528654257
0.4905528341497551,0.014265335235378032,0.11046696727948109
0.4912526242127362,0.014245014245014245,0.1105652710909187
0.4919524142757173,0.01422475106685633,0.11154756600695999
0.4926522043386984,0.014204545454545454,0.1115546541037589
0.4933519944016795,0.015602836879432624,0.11196707634619997
0.4940517844646606,0.015580736543909348,0.11224079059393105
0.4947515745276417,0.015558698727015558,0.11325170645833342
0.49545136459062283,0.015536723163841809,0.11329002844400832
0.49615115465360393,0.015514809590973202,0.11345742196366725
0.49685094471658503,0.015492957746478873,0.11372046064750578
0.49755073477956613,0.015471167369901548,0.11469825965401569
0.4982505248425472,0.01544943820224719,0.11509225270993967
0.4989503149055283,0.015427769985974754,0.11556745686260797
0.4996501049685094,0.015406162464985995,0.11610674137537785
0.5003498950314905,0.015384615384615385,0.11668976867145134
0.5010496850944717,0.01675977653631285,0.1168129757494348
0.5017494751574527,0.016736401673640166,0.11683059796762713
0.5024492652204339,0.016713091922005572,0.11703344673643713
0.503149055283415,0.016689847009735744,0.11711832505360427
0.5038488453463961,0.016666666666666666,0.11743747897073967
0.5045486354093772,0.016643550624133148,0.11753712960335445
0.5052484254723583,0.01662049861495845,0.1176743591392966
0.5059482155353394,0.016597510373443983,0.11817349406556986
0.5066480055983205,0.016574585635359115,0.11854478479428696
0.5073477956613016,0.016551724137931035,0.12063560179787396
0.5080475857242828,0.01652892561983471,0.12193328368698603
0.5087473757872638,0.016506189821182942,0.12266056113671688
0.509447165850245,0.016483516483516484,0.12283690617629527
0.510146955913226,0.01646090534979424,0.1234433693513106
0.5108467459762072,0.01643835616438356,0.12375549922055328
0.5115465360391882,0.016415868673050615,0.12405733689065467
0.5122463261021694,0.01639344262295082,0.12430448298089997
0.5129461161651504,0.01637107776261937,0.12468559417831906
0.5136459062281316,0.01634877384196185,0.12481876868122935
0.5143456962911127,0.0163265306122449,0.12555728544712358
0.5150454863540938,0.016304347826086956,0.12582825671661443
0.5157452764170749,0.016282225237449117,0.12583648737241845
0.516445066480056,0.016260162601626018,0.12612958547018668
0.5171448565430371,0.016238159675236806,0.12649102281911315
0.5178446466060181,0.016216216216216217,0.12690174259256823
0.5185444366689993,0.016194331983805668,0.1270530582139975
0.5192442267319805,0.016172506738544475,0.12796844009090344
0.5199440167949615,0.017496635262449527,0.128728251630965
0.5206438068579426,0.01747311827956989,0.1295751583587718
0.5213435969209237,0.0174496644295302,0.1298092622956653
0.5220433869839048,0.01742627345844504,0.1298156699376851
0.5227431770468859,0.01740294511378849,0.13088795031253553
0.523442967109867,0.017379679144385027,0.13160435765506637
0.5241427571728482,0.017356475300400534,0.131758211575234
0.5248425472358292,0.017333333333333333,0.13188537493208782
0.5255423372988104,0.017310252996005325,0.13218357169932174
0.5262421273617914,0.017287234042553192,0.13275699460116194
0.5269419174247726,0.01859229747675963,0.13312807044275268
0.5276417074877536,0.01856763925729443,0.13330509465363805
0.5283414975507348,0.018543046357615896,0.13363623642441055
0.5290412876137159,0.018518518518518517,0.13454230307819953
0.529741077676697,0.018494055482166448,0.1348761352492487
0.5304408677396781,0.018469656992084433,0.13508932120607448
0.5311406578026592,0.01844532279314888,0.1354875218272688
0.5318404478656403,0.018421052631578946,0.1355599278039497
0.5325402379286214,0.018396846254927726,0.1356612510453496
0.5332400279916025,0.01837270341207349,0.13601400937127517
0.5339398180545836,0.01834862385321101,0.1362134170511121
0.5346396081175647,0.01832460732984293,0.1362869523814924
0.5353393981805459,0.018300653594771243,0.136648408866989
0.5360391882435269,0.018276762402088774,0.13704980362737051
0.5367389783065081,0.018252933507170794,0.1373546158407334
0.5374387683694891,0.018229166666666668,0.1373629666985154
0.5381385584324703,0.018205461638491547,0.13815499272544013
0.5388383484954513,0.01818181818181818,0.13822338255838904
0.5395381385584325,0.018158236057068743,0.13902974524091857
0.5402379286214136,0.018134715025906734,0.13950968821394
0.5409377186843947,0.018111254851228976,0.1396097119522769
0.5416375087473758,0.01808785529715762,0.1397474550012927
0.5423372988103569,0.01806451612903226,0.14033193509254915
0.543037088873338,0.01804123711340206,0.14183780145870115
0.5437368789363191,0.018018018018018018,0.1418924925952723
0.5444366689993002,0.017994858611825194,0.1421335769390348
0.5451364590622814,0.01797175866495507,0.14218527510398182
0.5458362491252624,0.017948717948717947,0.1434494134005534
0.5465360391882436,0.01792573623559539,0.14445834119986078
0.5472358292512246,0.017902813299232736,0.1450130381906487
0.5479356193142058,0.017879948914431672,0.14501814326315082
0.5486354093771868,0.017857142857142856,0.14535800884272662
0.549335199440168,0.017834394904458598,0.14547608442325655
0.5500349895031491,0.017811704834605598,0.14568180741005204
0.5507347795661302,0.017789072426937738,0.14593263536375625
0.5514345696291113,0.01903553299492386,0.14615599054545136
0.5521343596920923,0.019011406844106463,0.14684490511632972
0.5528341497550735,0.0189873417721519,0.1470978285290584
0.5535339398180545,0.018963337547408345,0.1474869865211331
0.5542337298810357,0.01893939393939394,0.14781842172128598
0.5549335199440167,0.018915510718789406,0.14873636668287082
0.5556333100069979,0.018891687657430732,0.15098185814047715
0.556333100069979,0.018867924528301886,0.15129703790434917
0.5570328901329601,0.018844221105527637,0.1514888438469374
0.5577326801959412,0.018820577164366373,0.15310931485243023
0.5584324702589223,0.018796992481203006,0.15375067181268395
0.5591322603219034,0.01877346683354193,0.15489380006135328
0.5598320503848845,0.01875,0.15507666234015338
0.5605318404478656,0.018726591760299626,0.1559060229202697
0.5612316305108468,0.018703241895261846,0.15627165330427653
0.5619314205738278,0.019925280199252802,0.15627722711637157
0.562631210636809,0.01990049751243781,0.15668389139031066
0.56333100069979,0.01987577639751553,0.15693739030842835
0.5640307907627712,0.019851116625310174,0.15772783890579462
0.5647305808257522,0.01982651796778191,0.15797796475819467
0.5654303708887334,0.019801980198019802,0.1581351284264812
0.5661301609517145,0.019777503090234856,0.15948753302445878
0.5668299510146956,0.019753086419753086,0.1597375027951063
0.5675297410776767,0.01972872996300863,0.15984699344265416
0.5682295311406578,0.019704433497536946,0.16063665081928674
0.5689293212036389,0.01968019680196802,0.16105380412199727
0.56962911126662,0.019656019656019656,0.16131439710234347
0.5703289013296011,0.0196319018404908,0.16138814322860542
0.5710286913925823,0.0196078431372549,0.16164351568813723
0.5717284814555633,0.019583843329253364,0.1628534663489107
0.5724282715185445,0.019559902200488997,0.1629535240388238
0.5731280615815255,0.019536019536019536,0.16455182986337846
0.5738278516445067,0.01951219512195122,0.16677477411511166
0.5745276417074877,0.0194884287454324,0.1669389289949022
0.5752274317704689,0.02068126520681265,0.16919854563058617
0.57592722183345,0.020656136087484813,0.169511410620975
0.5766270118964311,0.02063106796116505,0.17022386969117717
0.5773268019594122,0.020606060606060607,0.17169454912762006
0.5780265920223933,0.020581113801452784,0.1750134510712501
0.5787263820853744,0.020556227327690448,0.17502851602041455
0.5794261721483555,0.020531400966183576,0.17573171443761243
0.5801259622113366,0.021712907117008445,0.17673113386542147
0.5808257522743177,0.021686746987951807,0.1779004604115068
0.5815255423372988,0.021660649819494584,0.17854164138567452
0.58222533240028,0.021634615384615384,0.18309688923522358
0.582925122463261,0.021608643457382955,0.1831355958386393
0.5836249125262422,0.02158273381294964,0.1835046090980019
0.5843247025892232,0.02155688622754491,0.18382950415861155
0.5850244926522044,0.022727272727272728,0.1843640381314225
0.5857242827151854,0.022700119474313024,0.1853472630779978
0.5864240727781665,0.022673031026252982,0.1854180692432179
0.5871238628411477,0.02264600715137068,0.1858339002899905
0.5878236529041287,0.02261904761904762,0.1858477567957025
0.5885234429671099,0.023781212841854936,0.1871834286079861
0.5892232330300909,0.023752969121140142,0.1873348154208346
0.5899230230930721,0.02372479240806643,0.18738343361051663
0.5906228131560531,0.023696682464454975,0.18772309250335847
0.5913226032190343,0.023668639053254437,0.18778945524862906
0.5920223932820154,0.02364066193853428,0.18855428042651698
0.5927221833449965,0.023612750885478158,0.18937115458861348
0.5934219734079776,0.02358490566037736,0.19084082444674108
0.5941217634709587,0.024734982332155476,0.19132022705022175
0.5948215535339398,0.024705882352941175,0.19142283261073204
0.5955213435969209,0.024676850763807285,0.19189421757880212
0.596221133659902,0.02464788732394366,0.19208478129910686
0.5969209237228832,0.0246189917936694,0.19232901792790774
0.5976207137858642,0.02459016393442623,0.1923626776155995
0.5983205038488454,0.02456140350877193,0.19329017095778975
0.5990202939118264,0.02453271028037383,0.19341105361904895
0.5997200839748076,0.024504084014002333,0.19467764687662115
0.6004198740377886,0.024475524475524476,0.19557836060189798
0.6011196641007698,0.024447031431897557,0.19647720681282707
0.6018194541637508,0.02441860465116279,0.19769940465444727
0.602519244226732,0.024390243902439025,0.19806369716360658
0.6032190342897131,0.024361948955916472,0.19835181837824603
0.6039188243526942,0.02433371958285052,0.19878854252360395
0.6046186144156753,0.024305555555555556,0.19989809599435554
0.6053184044786564,0.024277456647398842,0.20044222297654923
0.6060181945416375,0.02424942263279446,0.20065919753809058
0.6067179846046186,0.025374855824682813,0.2008797075737395
0.6074177746675997,0.02534562211981567,0.20426721264632777
0.6081175647305809,0.02531645569620253,0.20450232156847398
0.6088173547935619,0.02528735632183908,0.20504245298313747
0.6095171448565431,0.02525832376578645,0.2057749533786977
0.6102169349195241,0.02522935779816514,0.20689353172795658
0.6109167249825053,0.025200458190148912,0.2073193928788628
0.6116165150454863,0.02517162471395881,0.20926338418314647
0.6123163051084675,0.025142857142857144,0.2093253249936052
0.6130160951714486,0.02511415525114155,0.21262313873663222
0.6137158852344297,0.02508551881413911,0.21466156547575027
0.6144156752974108,0.025056947608200455,0.21542223635849553
0.6151154653603919,0.02502844141069397,0.21651627853170075
0.615815255423373,0.025,0.2165237073321863
0.616515045486354,0.024971623155505107,0.2166302941519994
0.6172148355493352,0.024943310657596373,0.2174383084481132
0.6179146256123164,0.02491506228765572,0.2184145348741018
0.6186144156752974,0.024886877828054297,0.2205885616911692
0.6193142057382786,0.024858757062146894,0.22209181564999672
0.6200139958012596,0.024830699774266364,0.22230444357443427
0.6207137858642408,0.02480270574971815,0.2223501424635476
0.6214135759272218,0.024774774774774775,0.22267533095501263
0.622113365990203,0.024746906636670417,0.22399754927230725
0.622813156053184,0.024719101123595506,0.2242722548259108
0.6235129461161651,0.024691358024691357,0.22452127497889074
0.6242127361791463,0.02466367713004484,0.22575689891612272
0.6249125262421273,0.02463605823068309,0.22686698488679044
0.6256123163051085,0.024608501118568233,0.22726809529908823
0.6263121063680895,0.024581005586592177,0.22838527403275088
0.6270118964310707,0.024553571428571428,0.2295498315578355
0.6277116864940517,0.024526198439241916,0.2309498336043748
0.6284114765570329,0.024498886414253896,0.2323609564573515
0.629111266620014,0.024471635150166853,0.23274717561345046
0.6298110566829951,0.024444444444444446,0.23395625627813552
0.6305108467459762,0.0244173140954495,0.23536781190944558
0.6312106368089573,0.024390243902439025,0.2361526709432125
0.6319104268719384,0.024363233665559248,0.23867791572560818
0.6326102169349195,0.024336283185840708,0.23953980558357785
0.6333100069979006,0.02430939226519337,0.24197512742588012
0.6340097970608818,0.024282560706401765,0.2421700556672371
0.6347095871238628,0.024255788313120176,0.24335714339262146
0.635409377186844,0.024229074889867842,0.2446127283417005
0.636109167249825,0.0242024202420242,0.24582692645865659
0.6368089573128062,0.024175824175824177,0.24678180735235122
0.6375087473757872,0.024149286498353458,0.24871520337002476
0.6382085374387684,0.02412280701754386,0.24871954568852495
0.6389083275017495,0.024096385542168676,0.24889308062603538
0.6396081175647306,0.024070021881838075,0.2495420816586223
0.6403079076277117,0.024043715846994537,0.2506711133635031
0.6410076976906928,0.024017467248908297,0.250967372011726
0.6417074877536739,0.023991275899672846,0.25141339567039145
0.642407277816655,0.02505446623093682,0.2525782239369159
0.6431070678796361,0.026115342763873776,0.25459688230978605
0.6438068579426172,0.02608695652173913,0.2552697680653159
0.6445066480055983,0.026058631921824105,0.25577639026788523
0.6452064380685795,0.026030368763557483,0.256728158123188
0.6459062281315605,0.02600216684723727,0.2582015509104163
0.6466060181945417,0.025974025974025976,0.2589881157841706
0.6473058082575227,0.025945945945945945,0.26137234067694876
0.6480055983205039,0.02591792656587473,0.26219996301568926
0.6487053883834849,0.025889967637540454,0.2624154334172345
0.6494051784464661,0.02586206896551724,0.26247408482297746
0.6501049685094472,0.02583423035522067,0.2634328185901671
0.6508047585724283,0.025806451612903226,0.264575013365055
0.6515045486354094,0.02577873254564984,0.26559160808207977
0.6522043386983905,0.02575107296137339,0.2658386591862429
0.6529041287613716,0.02572347266881029,0.26622340471014927
0.6536039188243526,0.02569593147751606,0.2670425215199019
0.6543037088873338,0.025668449197860963,0.26797399043741177
0.655003498950315,0.02564102564102564,0.2691657222949234
0.655703289013296,0.025613660618996798,0.27236359807336324
0.6564030790762772,0.0255863539445629,0.27475080065433144
0.6571028691392582,0.025559105431309903,0.27600725438648377
0.6578026592022393,0.02553191489361702,0.27658344617059605
0.6585024492652204,0.025504782146652496,0.2770747138674485
0.6592022393282015,0.025477707006369428,0.27788244010942253
0.6599020293911827,0.02545068928950159,0.278178939915055
0.6606018194541637,0.025423728813559324,0.2791949865856053
0.6613016095171449,0.025396825396825397,0.27986234732642035
0.6620013995801259,0.02536997885835095,0.2800466668273632
0.6627011896431071,0.026399155227032733,0.2815468981942375
0.6634009797060881,0.026371308016877638,0.2833117387068312
0.6641007697690693,0.026343519494204427,0.2834489177692966
0.6648005598320503,0.02631578947368421,0.283789551952329
0.6655003498950315,0.026288117770767613,0.2878788079733197
0.6662001399580126,0.026260504201680673,0.28802270044814027
0.6668999300209937,0.02728226652675761,0.28815884023842886
0.6675997200839748,0.027253668763102725,0.28817440845854597
0.6682995101469559,0.028272251308900525,0.28843471494737966
0.668999300209937,0.028242677824267783,0.29056783161504773
0.6696990902729181,0.02821316614420063,0.2906783077451314
0.6703988803358992,0.029227557411273485,0.29068501246443157
0.6710986703988804,0.03023983315954119,0.291743091445826
0.6717984604618614,0.030208333333333334,0.29467417210591507
0.6724982505248426,0.031217481789802288,0.29467654592650516
0.6731980405878236,0.031185031185031187,0.2958992553867608
0.6738978306508048,0.03115264797507788,0.29703778335295666
0.6745976207137858,0.03112033195020747,0.29712217627865756
0.675297410776767,0.03212435233160622,0.29868679919609475
0.6759972008397481,0.032091097308488616,0.2989210254084847
0.6766969909027292,0.03205791106514995,0.29897013950779383
0.6773967809657103,0.03202479338842975,0.2999560350959965
0.6780965710286914,0.03199174406604747,0.30165626410380236
0.6787963610916725,0.031958762886597936,0.30304974259938056
0.6794961511546536,0.032955715756951595,0.30553811025399313
0.6801959412176347,0.03292181069958848,0.3065284589802884
0.6808957312806159,0.0328879753340185,0.30659456641691046
0.6815955213435969,0.03285420944558522,0.30732530904867766
0.6822953114065781,0.03282051282051282,0.3082154810144017
0.6829951014695591,0.03278688524590164,0.3082675024470329
0.6836948915325403,0.032753326509723645,0.3089554833048994
0.6843946815955213,0.032719836400818,0.31003951529201007
0.6850944716585025,0.03268641470888662,0.3100986389581844
0.6857942617214835,0.0326530612244898,0.31136779851173263
0.6864940517844647,0.0326197757390418,0.3117770843567731
0.6871938418474458,0.032586558044806514,0.3131869060416478
0.6878936319104269,0.03255340793489318,0.31333168680875856
0.688593421973408,0.032520325203252036,0.31423874877346986
0.689293212036389,0.03248730964467005,0.3145392661738166
0.6899930020993702,0.032454361054766734,0.31530671660997545
0.6906927921623512,0.03242147922998987,0.3161575670651292
0.6913925822253324,0.032388663967611336,0.31917128985762505
0.6920923722883136,0.032355915065722954,0.31921575546591746
0.6927921623512946,0.03333333333333333,0.3212972295777334
0.6934919524142757,0.033299697275479316,0.3220166430437982
0.6941917424772568,0.034274193548387094,0.3223305137005213
0.6948915325402379,0.03423967774420947,0.3239954310876278
0.695591322603219,0.03420523138832998,0.32439576116200297
0.6962911126662001,0.034170854271356785,0.3247483365588949
0.6969909027291813,0.03413654618473896,0.32478288674601097
0.6976906927921623,0.03510531594784353,0.32588922829279293
0.6983904828551435,0.036072144288577156,0.3273559516991884
0.6990902729181245,0.037037037037037035,0.32848396576767785
0.6997900629811057,0.038,0.32939908718372024
0.7004898530440867,0.03796203796203796,0.329655161620365
0.7011896431070679,0.03792415169660679,0.3302821671887909
0.701889433170049,0.03788634097706879,0.331200103710247
0.7025892232330301,0.03884462151394422,0.3364529376690055
0.7032890132960112,0.03980099502487562,0.33678301958037915
0.7039888033589923,0.040755467196819085,0.3369894934586892
0.7046885934219734,0.0407149950347567,0.3374501156718404
0.7053883834849545,0.040674603174603176,0.33954401251338384
0.7060881735479356,0.040634291377601585,0.340320528511696
0.7067879636109167,0.040594059405940595,0.34059960464575934
0.7074877536738978,0.04154302670623145,0.34326787169210826
0.708187543736879,0.041501976284584984,0.3477355676898466
0.70888733379986,0.04146100691016782,0.34936035012539035
0.7095871238628412,0.04142011834319527,0.3495522382488985
0.7102869139258222,0.041379310344827586,0.35065477072859474
0.7109867039888034,0.04133858267716536,0.3515966601661955
0.7116864940517844,0.04129793510324484,0.35209313821772587
0.7123862841147656,0.0412573673870334,0.35263500671750914
0.7130860741777467,0.04121687929342493,0.3542561162957575
0.7137858642407278,0.041176470588235294,0.3555146163300795
0.7144856543037089,0.04211557296767875,0.3579626754068046
0.71518544436669,0.04207436399217221,0.35894652592467396
0.7158852344296711,0.042033235581622676,0.3602356487339817
0.7165850244926522,0.0419921875,0.36203769864678365
0.7172848145556333,0.041951219512195125,0.36234757700707226
0.7179846046186145,0.04191033138401559,0.3650506508185971
0.7186843946815955,0.04186952288218111,0.3674260581020556
0.7193841847445767,0.04182879377431906,0.3685689609589918
0.7200839748075577,0.042759961127308066,0.36987849418386887
0.7207837648705389,0.04271844660194175,0.3708342225374324
0.7214835549335199,0.04267701260911736,0.3731011609186304
0.722183344996501,0.04263565891472868,0.3736211318362449
0.7228831350594822,0.04356243949661181,0.37535984613167706
0.7235829251224632,0.043520309477756286,0.37550953285261357
0.7242827151854444,0.044444444444444446,0.37815126866872406
0.7249825052484254,0.045366795366795366,0.37953016730457184
0.7256822953114066,0.04532304725168756,0.3824697837987977
0.7263820853743876,0.04527938342967245,0.38398958817844275
0.7270818754373688,0.04523580365736285,0.3845048283322868
0.72778166550035,0.04519230769230769,0.3845956753598063
0.728481455563331,0.04514889529298751,0.38852294381396857
0.7291812456263121,0.045105566218809984,0.39104572233677903
0.7298810356892932,0.046021093000958774,0.39124629821801415
0.7305808257522743,0.04597701149425287,0.3927522765017354
0.7312806158152554,0.045933014354066985,0.39346037632370034
0.7319804058782365,0.045889101338432124,0.3948516599400411
0.7326801959412176,0.045845272206303724,0.3955906957045514
0.7333799860041987,0.04580152671755725,0.39886752599445885
0.7340797760671799,0.04575786463298379,0.39944078674571504
0.7347795661301609,0.045714285714285714,0.402552198107696
0.7354793561931421,0.04567078972407231,0.4036332988018524
0.7361791462561231,0.04657794676806084,0.4065525874625098
0.7368789363191043,0.04653371320037987,0.40671578535686476
0.7375787263820853,0.046489563567362426,0.4071190654527999
0.7382785164450665,0.046445497630331754,0.4120941605015625
0.7389783065080476,0.04640151515151515,0.4139728114828344
0.7396780965710287,0.046357615894039736,0.4215354518660453
0.7403778866340098,0.046313799621928164,0.4222453455882827
0.7410776766969909,0.04627006610009443,0.42436570082326847
0.741777466759972,0.04622641509433962,0.4255759725321957
0.7424772568229531,0.046182846371347785,0.426511989787697
0.7431770468859342,0.047080979284369114,0.4267406641998503
0.7438768369489154,0.047036688617121354,0.42967024241136886
0.7445766270118964,0.046992481203007516,0.4321266222059831
0.7452764170748776,0.046948356807511735,0.4329031796757532
0.7459762071378586,0.04690431519699812,0.4440169339001568
0.7466759972008398,0.04779756326148079,0.4451402929886157
0.7473757872638208,0.047752808988764044,0.4499475172472037
0.748075577326802,0.047708138447146865,0.45279853847475166
0.7487753673897831,0.048598130841121495,0.4567809116725126
0.7494751574527642,0.04855275443510738,0.45724500447330935
0.7501749475157453,0.048507462686567165,0.45732053097907466
0.7508747375787264,0.048462255358807084,0.46065342426318684
0.7515745276417075,0.048417132216014895,0.46072067251724586
0.7522743177046886,0.04837209302325581,0.46165466621964096
0.7529741077676697,0.048327137546468404,0.46272859209154454
0.7536738978306508,0.04828226555246054,0.46360714257850455
0.7543736878936319,0.04823747680890538,0.4639175671305826
0.7550734779566131,0.04819277108433735,0.4745663753098759
0.7557732680195941,0.04814814814814815,0.47639005977501303
0.7564730580825753,0.04810360777058279,0.4769597050319379
0.7571728481455563,0.04805914972273567,0.47893093261467934
0.7578726382085375,0.048938134810710986,0.4789509069685221
0.7585724282715185,0.048892988929889296,0.4828343600612973
0.7592722183344996,0.04976958525345622,0.4869349769493743
0.7599720083974808,0.049723756906077346,0.4873179342740396
0.7606717984604618,0.04967801287948482,0.4876839732508112
0.761371588523443,0.04963235294117647,0.4892984815120015
0.762071378586424,0.049586776859504134,0.49120368744960674
0.7627711686494052,0.04954128440366973,0.4919201043913626
0.7634709587123862,0.04949587534372136,0.4930939687851877
0.7641707487753674,0.04945054945054945,0.49339350466512366
0.7648705388383485,0.04940530649588289,0.4947924430382694
0.7655703289013296,0.050274223034734916,0.4965092136438809
0.7662701189643107,0.0502283105022831,0.4966420027903879
0.7669699090272918,0.05018248175182482,0.49820712990435845
0.7676696990902729,0.05013673655423884,0.501265908891435
0.768369489153254,0.05009107468123861,0.5015144069045918
0.7690692792162351,0.05004549590536852,0.5045664447658529
0.7697690692792163,0.05,0.5069821114500819
0.7704688593421973,0.049954586739327886,0.5124006958749878
0.7711686494051785,0.0499092558983666,0.5145134494002167
0.7718684394681595,0.050770625566636446,0.5150308624016358
0.7725682295311407,0.050724637681159424,0.5192995720734545
0.7732680195941217,0.051583710407239816,0.5202349823900789
0.7739678096571029,0.05244122965641953,0.523214989615512
0.7746675997200839,0.052393857271906055,0.5262975830092707
0.7753673897830651,0.052346570397111915,0.5270088864514124
0.7760671798460462,0.05229936880072137,0.5280692709675062
0.7767669699090273,0.05225225225225225,0.5289373971892669
0.7774667599720084,0.05310531053105311,0.5300857211909226
0.7781665500349895,0.053057553956834536,0.5307777882002415
0.7788663400979706,0.053009883198562445,0.5318184000335806
0.7795661301609517,0.05296229802513465,0.5372791917944094
0.7802659202239328,0.05291479820627803,0.5376181756361765
0.780965710286914,0.0528673835125448,0.5390714351566984
0.781665500349895,0.052820053715308866,0.5411712941732936
0.7823652904128762,0.052772808586762074,0.5417778959937445
0.7830650804758572,0.05272564789991063,0.5434420819267819
0.7837648705388384,0.05267857142857143,0.5434527994073228
0.7844646606018194,0.05263157894736842,0.547861199063961
0.7851644506648006,0.05258467023172905,0.5500292673071615
0.7858642407277817,0.05253784505788068,0.5500333942861915
0.7865640307907628,0.05249110320284697,0.5512001564646067
0.7872638208537439,0.052444444444444446,0.5513646296396798
0.787963610916725,0.052397868561278864,0.5517062084057938
0.7886634009797061,0.05235137533274179,0.5537626312602119
0.7893631910426872,0.05230496453900709,0.5565853574922032
0.7900629811056683,0.053144375553587246,0.5597984831031344
0.7907627711686495,0.05398230088495575,0.5618943221995266
0.7914625612316305,0.05481874447391689,0.5620258296924313
0.7921623512946117,0.054770318021201414,0.5623263161398039
0.7928621413575927,0.05560458958517211,0.5634437118302535
0.7935619314205739,0.05555555555555555,0.5644279018694643
0.7942617214835549,0.055506607929515416,0.5690075349583595
0.794961511546536,0.056338028169014086,0.5707384899989917
0.7956613016095171,0.056288478452066845,0.5707636938338786
0.7963610916724982,0.056239015817223195,0.5710841971159736
0.7970608817354794,0.05706760316066725,0.5717967755930624
0.7977606717984604,0.05789473684210526,0.5732964171410988
0.7984604618614416,0.057843996494303246,0.573395427191388
0.7991602519244226,0.05779334500875657,0.57545040843885
0.7998600419874038,0.05774278215223097,0.5764801917300021
0.8005598320503848,0.057692307692307696,0.5767338839934
0.801259622113366,0.05764192139737991,0.5778289698982042
0.8019594121763471,0.05846422338568935,0.5784907952591531
0.8026592022393282,0.05841325196163906,0.5796212262968004
0.8033589923023093,0.05836236933797909,0.5845413646060301
0.8040587823652904,0.058311575282854654,0.5877137327905065
0.8047585724282715,0.058260869565217394,0.5942241976215935
0.8054583624912526,0.05821025195482189,0.5973153123893076
0.8061581525542337,0.058159722222222224,0.597451370619237
0.8068579426172149,0.058109280138768434,0.6027414462119385
0.8075577326801959,0.05805892547660312,0.6035972813337889
0.8082575227431771,0.05800865800865801,0.6038727473622585
0.8089573128061581,0.058823529411764705,0.6046438698669188
0.8096571028691393,0.059636992221261884,0.6055543727097017
0.8103568929321203,0.05958549222797927,0.6066296436924051
0.8110566829951015,0.059534081104400345,0.6069498531093297
0.8117564730580826,0.059482758620689656,0.6074242787796663
0.8124562631210637,0.06029285099052541,0.6133357879925727
0.8131560531840448,0.06110154905335628,0.613616549576283
0.8138558432470259,0.061049011177987965,0.6151964727948818
0.814555633310007,0.061855670103092786,0.6168956612671493
0.8152554233729881,0.061802575107296136,0.6188557519609447
0.8159552134359692,0.06260720411663807,0.6215866554687401
0.8166550034989503,0.06255355612682091,0.6276011388325456
0.8173547935619314,0.0625,0.62826526077349
0.8180545836249126,0.06330196749358426,0.6292527615803897
0.8187543736878936,0.06324786324786325,0.6343823678084471
0.8194541637508748,0.06404782237403928,0.6350907180237565
0.8201539538138558,0.06399317406143344,0.6351033674511578
0.820853743876837,0.0639386189258312,0.6354971488108534
0.821553533939818,0.06388415672913117,0.6390417358282636
0.8222533240027992,0.06468085106382979,0.6425737887808688
0.8229531140657803,0.06462585034013606,0.643897870059448
0.8236529041287614,0.06457094307561598,0.6462382940425071
0.8243526941917425,0.06536502546689305,0.6482974744204951
0.8250524842547236,0.06615776081424936,0.6511494166260117
0.8257522743177047,0.06694915254237288,0.6525936977353921
0.8264520643806857,0.06689246401354784,0.6546919393530322
0.8271518544436669,0.06683587140439932,0.6556902342692996
0.827851644506648,0.06677937447168217,0.6578844840756408
0.8285514345696291,0.06756756756756757,0.6669644236812301
0.8292512246326103,0.06751054852320675,0.6675251771439269
0.8299510146955913,0.06745362563237774,0.6675708606039324
0.8306508047585724,0.06739679865206402,0.668903617120573
0.8313505948215535,0.06734006734006734,0.6693683855789256
0.8320503848845346,0.0672834314550042,0.6706061608337672
0.8327501749475158,0.06722689075630252,0.6727298463285836
0.8334499650104968,0.06801007556675064,0.6772307107051636
0.834149755073478,0.06879194630872483,0.6795782107843226
0.834849545136459,0.06873428331936295,0.6805902752517364
0.8355493351994402,0.06867671691792294,0.6818449461550354
0.8362491252624212,0.06861924686192468,0.6836549484527291
0.8369489153254024,0.06856187290969899,0.6852979132113175
0.8376487053883834,0.06934001670843776,0.688587631944399
0.8383484954513646,0.07011686143572621,0.6890408665997427
0.8390482855143457,0.07089241034195162,0.6900009082715678
0.8397480755773268,0.07083333333333333,0.6921255151482257
0.8404478656403079,0.07077435470441298,0.6958078211832829
0.841147655703289,0.07154742096505824,0.695894229390537
0.8418474457662701,0.0714879467996675,0.6981811343600797
0.8425472358292512,0.07142857142857142,0.6995909006951628
0.8432470258922323,0.07136929460580912,0.7015406740788969
0.8439468159552135,0.07131011608623548,0.701653356249125
0.8446466060181945,0.07125103562551781,0.7048213478894266
0.8453463960811757,0.07119205298013245,0.7063654053990597
0.8460461861441567,0.07113316790736146,0.7071255694496957
0.8467459762071379,0.07190082644628099,0.7072996135822792
0.8474457662701189,0.07184145334434351,0.7080885350669446
0.8481455563331001,0.07178217821782178,0.7096352167439823
0.8488453463960812,0.07254740313272877,0.7154351105029354
0.8495451364590623,0.07248764415156507,0.71765862357083
0.8502449265220434,0.07242798353909465,0.7195253586953255
0.8509447165850245,0.07236842105263158,0.7232167052218632
0.8516445066480056,0.07313064913722268,0.7246607162501042
0.8523442967109867,0.07389162561576355,0.725451377434214
0.8530440867739678,0.07383100902378999,0.7257318536482503
0.853743876836949,0.07377049180327869,0.7290805626895575
0.85444366689993,0.07371007371007371,0.7313290085011273
0.8551434569629112,0.07364975450081833,0.7315982064570726
0.8558432470258922,0.07358953393295176,0.7318185950628759
0.8565430370888734,0.07352941176470588,0.7328447512821302
0.8572428271518544,0.07346938775510205,0.7345400393767264
0.8579426172148356,0.07422512234910278,0.735430623470048
0.8586424072778167,0.07416462917685411,0.7385657625159172
0.8593421973407978,0.0741042345276873,0.7386936783030833
0.8600419874037789,0.07485760781122865,0.7401998834605726
0.86074177746676,0.07479674796747968,0.7420700302701544
0.8614415675297411,0.07473598700243704,0.7439871884744934
0.8621413575927221,0.07467532467532467,0.7447326691441138
0.8628411476557033,0.07542579075425791,0.7452496477175156
0.8635409377186843,0.0753646677471637,0.7490410072250612
0.8642407277816655,0.07530364372469636,0.749978021550236
0.8649405178446467,0.07605177993527508,0.750126478351481
0.8656403079076277,0.07679870654810024,0.7504992363954697
0.8663400979706088,0.07673667205169628,0.7621219411696258
0.8670398880335899,0.07667473769168684,0.7646374118117734
0.867739678096571,0.07661290322580645,0.764693001706033
0.8684394681595521,0.07655116841257051,0.7699013302134703
0.8691392582225332,0.07648953301127215,0.7710423476674585
0.8698390482855144,0.07723250201126307,0.7745712552880476
0.8705388383484954,0.07717041800643087,0.7822408777225692
0.8712386284114766,0.07791164658634538,0.7851103036372105
0.8719384184744576,0.07784911717495988,0.7852685926430231
0.8726382085374388,0.07778668805132317,0.787931580018424
0.8733379986004198,0.07772435897435898,0.7901847010373655
0.874037788663401,0.07766212970376302,0.7905213116712172
0.8747375787263821,0.0784,0.7953497868391278
0.8754373687893632,0.07913669064748201,0.8004329963593563
0.8761371588523443,0.07907348242811502,0.8017790662414217
0.8768369489153254,0.07901037509976057,0.802174360621907
0.8775367389783065,0.07974481658692185,0.8030517353268883
0.8782365290412876,0.0796812749003984,0.8043242995374816
0.8789363191042687,0.0804140127388535,0.8089220721924244
0.8796361091672499,0.08035003977724742,0.8112527058421066
0.8803358992302309,0.08028616852146264,0.8128970998019884
0.8810356892932121,0.08022239872915012,0.8142255140881259
0.8817354793561931,0.08095238095238096,0.8180900129602101
0.8824352694191743,0.08088818398096749,0.8193715240153729
0.8831350594821553,0.08082408874801902,0.8194568560037692
0.8838348495451365,0.08076009501187649,0.8217284163004083
0.8845346396081175,0.08069620253164557,0.8225055798185665
0.8852344296710987,0.08063241106719368,0.8225968958713882
0.8859342197340798,0.08135860979462875,0.8229743831196278
0.8866340097970609,0.08129439621152329,0.8256282299131988
0.887333799860042,0.08201892744479496,0.8275318873162274
0.8880335899230231,0.08274231678486997,0.8280425011932457
0.8887333799860042,0.08267716535433071,0.8308646009271005
0.8894331700489853,0.08261211644374508,0.8344897443335844
0.8901329601119664,0.08254716981132075,0.8349649117747361
0.8908327501749476,0.08248232521602514,0.8352663697445796
0.8915325402379286,0.08241758241758242,0.8362324668427434
0.8922323303009098,0.08313725490196078,0.8384836477816006
0.8929321203638908,0.08385579937304075,0.844671271877648
0.893631910426872,0.08379013312451057,0.8468189499998369
0.894331700489853,0.08450704225352113,0.8494160612580641
0.8950314905528342,0.08522283033620015,0.85009061719512
0.8957312806158153,0.08515625,0.85375979190278
0.8964310706787963,0.08508977361436378,0.8557352611100079
0.8971308607417775,0.08502340093603744,0.8602512127826655
0.8978306508047585,0.08495713172252534,0.8630086929294275
0.8985304408677397,0.08566978193146417,0.8657411239597602
0.8992302309307207,0.08560311284046693,0.8659818443667513
0.8999300209937019,0.08553654743390357,0.8674900203152007
0.900629811056683,0.08624708624708624,0.8686212356497569
0.9013296011196641,0.08618012422360248,0.8690968175935827
0.9020293911826452,0.08688906128782002,0.8691273618980064
0.9027291812456263,0.08682170542635659,0.8701575371912371
0.9034289713086074,0.08675445391169635,0.8703754573625234
0.9041287613715885,0.08668730650154799,0.8719272828623013
0.9048285514345696,0.08662026295436968,0.8722583434313489
0.9055283414975507,0.08732612055641421,0.8731075864153729
0.9062281315605318,0.08725868725868725,0.8735953584196856
0.906927921623513,0.08796296296296297,0.87667754498464
0.907627711686494,0.08789514263685427,0.8783493716926964
0.9083275017494752,0.08859784283513097,0.8783993637340148
0.9090272918124562,0.08929946112394149,0.8787204066368282
0.9097270818754374,0.09,0.8812647777184642
0.9104268719384184,0.09069946195234435,0.8859102519437937
0.9111266620013996,0.0913978494623656,0.8867731404502345
0.9118264520643807,0.09132770529547199,0.8902915248479668
0.9125262421273618,0.09125766871165644,0.8903943573371913
0.9132260321903429,0.09118773946360154,0.8915327768769465
0.913925822253324,0.09188361408882083,0.8925275860502077
0.9146256123163051,0.09257842387146137,0.8926828102146399
0.9153254023792862,0.09327217125382263,0.8941360984926613
0.9160251924422673,0.0932009167303285,0.894344344180939
0.9167249825052485,0.09389312977099237,0.8969766173042296
0.9174247725682295,0.09458428680396644,0.8987778240931693
0.9181245626312107,0.09451219512195122,0.899006064968507
0.9188243526941917,0.09444021325209444,0.8990403837752016
0.9195241427571729,0.0943683409436834,0.9017812034927918
0.9202239328201539,0.09429657794676806,0.9029096161365388
0.9209237228831351,0.09422492401215805,0.9034780645193025
0.9216235129461162,0.09491268033409264,0.9048101433265683
0.9223233030090973,0.09484066767830046,0.9058765725993425
0.9230230930720784,0.09476876421531463,0.9078306980828688
0.9237228831350595,0.0946969696969697,0.9106788923837182
0.9244226731980406,0.09462528387585163,0.9115037762020194
0.9251224632610217,0.094553706505295,0.9117514292345649
0.9258222533240028,0.0944822373393802,0.9119242564671947
0.9265220433869839,0.09441087613293052,0.9129661716052783
0.927221833449965,0.09433962264150944,0.9130189611346702
0.9279216235129462,0.0942684766214178,0.9153504636099793
0.9286214135759272,0.09495101733232857,0.9171324674384802
0.9293212036389084,0.09487951807228916,0.9180814488606616
0.9300209937018894,0.09480812641083522,0.9230052239237868
0.9307207837648706,0.09473684210526316,0.9232918785031148
0.9314205738278516,0.09541697971450037,0.9242519509200867
0.9321203638908327,0.09534534534534535,0.92449673742959
0.9328201539538139,0.09527381845461365,0.9271791892726626
0.933519944016795,0.095952023988006,0.9278033820754005
0.9342197340797761,0.09588014981273409,0.9286835147598279
0.9349195241427571,0.09580838323353294,0.9305495725716038
0.9356193142057383,0.09648466716529544,0.9313068551846893
0.9363191042687193,0.09715994020926756,0.9316393508875279
0.9370188943317005,0.0970873786407767,0.9339631391892812
0.9377186843946816,0.09701492537313433,0.9340827756587529
0.9384184744576627,0.0976882923191648,0.9354088372884227
0.9391182645206438,0.09761549925484352,0.9373400893854414
0.9398180545836249,0.09828741623231571,0.9381884898662446
0.940517844646606,0.09821428571428571,0.93843688422298
0.9412176347095871,0.09888475836431226,0.9397066919774997
0.9419174247725682,0.0988112927191679,0.9402639879159341
0.9426172148355494,0.09948032665181886,0.9422234801406707
0.9433170048985304,0.10014836795252226,0.9452422278048487
0.9440167949615116,0.10081541882876205,0.9458320607432165
0.9447165850244926,0.10148148148148148,0.9461186080535343
0.9454163750874738,0.10214655810510732,0.9484344266439647
0.9461161651504548,0.10207100591715976,0.9485620163216526
0.946815955213436,0.10199556541019955,0.9487442891355806
0.947515745276417,0.10265878877400296,0.9503122057683213
0.9482155353393982,0.1025830258302583,0.9503450576528621
0.9489153254023793,0.10250737463126844,0.9524041083858581
0.9496151154653604,0.10243183492999262,0.9524877195425492
0.9503149055283415,0.10309278350515463,0.9526210587651296
0.9510146955913226,0.10301692420897719,0.9545967441866385
0.9517144856543037,0.1036764705882353,0.9551597346935701
0.9524142757172848,0.10360029390154299,0.9555898548143694
0.9531140657802659,0.10352422907488987,0.9562349121399336
0.9538138558432471,0.10344827586206896,0.957270578446529
0.9545136459062281,0.10337243401759531,0.9577196705538207
0.9552134359692093,0.10402930402930403,0.9585294166592938
0.9559132260321903,0.10395314787701318,0.9585522853642773
0.9566130160951715,0.10387710314557425,0.960123089839346
0.9573128061581525,0.10380116959064327,0.9609313212371354
0.9580125962211337,0.10372534696859022,0.9609370898840016
0.9587123862841148,0.10364963503649635,0.96178558348148
0.9594121763470959,0.10430342815463166,0.9621873363422458
0.960111966410077,0.10495626822157435,0.9630921404455818
0.960811756473058,0.1056081573197378,0.9631263935463364
0.9615115465360392,0.10625909752547306,0.963761640670969
0.9622113365990203,0.10690909090909091,0.96512289050475
0.9629111266620014,0.1068313953488372,0.9658216525884774
0.9636109167249826,0.10675381263616558,0.9667375598411374
0.9643107067879636,0.10667634252539913,0.9675067165996097
0.9650104968509448,0.1065989847715736,0.9676103340081278
0.9657102869139258,0.10652173913043478,0.9690245432786229
0.966410076976907,0.10716871832005793,0.9699664220891676
0.967109867039888,0.10709117221418235,0.9709510337370975
0.9678096571028691,0.10773680404916848,0.972289171333824
0.9685094471658502,0.10838150289017341,0.972532723513744
0.9692092372288313,0.10902527075812274,0.9734019136743859
0.9699090272918125,0.10966810966810966,0.9742518694244273
0.9706088173547935,0.110310021629416,0.9754073027425764
0.9713086074177747,0.11095100864553314,0.9754982122984799
0.9720083974807557,0.11087113030957524,0.977998205746252
0.9727081875437369,0.11151079136690648,0.9789282632329784
0.9734079776067179,0.11143062544931703,0.9792943358459253
0.9741077676696991,0.11206896551724138,0.979410916017522
0.9748075577326802,0.11198851399856424,0.9798783381948114
0.9755073477956613,0.11262553802008608,0.9823170645072244
0.9762071378586424,0.11254480286738351,0.982499286274497
0.9769069279216235,0.11246418338108882,0.9846196630252692
0.9776067179846046,0.11309949892627058,0.9856631288304364
0.9783065080475857,0.11301859799713877,0.986919761837849
0.9790062981105668,0.11365260900643316,0.9883751195051654
0.979706088173548,0.11357142857142857,0.9884584662655334
0.980405878236529,0.11349036402569593,0.9888342547807732
0.9811056682995102,0.11340941512125535,0.9888572095149649
0.9818054583624912,0.11404133998574484,0.9903188768225065
0.9825052484254724,0.11467236467236468,0.9903403407153026
0.9832050384884534,0.11459074733096085,0.9907974198632997
0.9839048285514346,0.11450924608819346,0.9910317879398827
0.9846046186144157,0.11513859275053305,0.9913890954090212
0.9853044086773968,0.11576704545454546,0.9920441877349677
0.9860041987403779,0.1156848828956707,0.992367184265919
0.986703988803359,0.11631205673758865,0.99289272501443
0.9874037788663401,0.11693834160170093,0.9931162112220459
0.9881035689293212,0.11685552407932011,0.993420055292177
0.9888033589923023,0.11748053786270347,0.9935304364254154
0.9895031490552834,0.1181046676096181,0.9946614223485709
0.9902029391182645,0.11802120141342756,0.9968922708105139
0.9909027291812457,0.11864406779661017,0.9974571449960563
0.9916025192442267,0.11856033874382499,0.9978557694814918
0.9923023093072079,0.11918194640338504,0.9978935265723875
0.9930020993701889,0.11909795630725863,0.9982434663255738
0.9937018894331701,0.11901408450704225,0.9983406402269975
0.9944016794961511,0.11963406052076003,0.9993484405026036
0.9951014695591323,0.11954992967651196,0.9995804466639556
0.9958012596221134,0.11946591707659873,0.9996913105947962
0.9965010496850945,0.12008426966292135,0.9997875434280651
0.9972008397480756,0.12070175438596491,0.9997992751166446
0.9979006298110566,0.12061711079943899,0.9998378384246575
0.9986004198740378,0.12053258584442887,0.9999278039301303
0.9993002099370188,0.1211484593837535,0.9999396717754524
1.0,0.12106368089573127,0.9999999974705893
